Date,Open,High,Low,Close,Volume
1984-09-09,0.0996047,0.100827,0.0984022,0.0996047,98811715
1984-09-16,0.0996047,0.107124,0.0972099,0.10472,954568288
1984-09-23,0.10744,0.108938,0.0996047,0.100827,667384362
1984-09-30,0.100827,0.102304,0.0923906,0.0941941,826115858
1984-10-07,0.0939084,0.0959978,0.0920853,0.0932972,664008250
1984-10-14,0.0932972,0.0939084,0.0845459,0.0851571,1169737015
1984-10-21,0.0899665,0.10262,0.0896707,0.0959978,1295026167
1984-10-28,0.0959978,0.0996047,0.0920853,0.0923906,879655532
1984-11-04,0.0926865,0.0948052,0.0926865,0.0932972,308796559
1984-11-11,0.0932972,0.0990135,0.0863791,0.0872857,1120902767
1984-11-18,0.0902817,0.0923906,0.0866846,0.0872857,731796715
1984-11-25,0.0872857,0.0902817,0.0821514,0.0890794,963713036
1984-12-02,0.0899665,0.0996047,0.0899665,0.0926865,1094398884
1984-12-09,0.0926865,0.106532,0.0914741,0.102304,1534598651
1984-12-16,0.102304,0.102304,0.0956921,0.0990135,603264438
1984-12-23,0.101417,0.107734,0.100227,0.101417,1242603023
1984-12-30,0.103232,0.108327,0.103232,0.107734,473296645
1985-01-06,0.109243,0.109845,0.10472,0.106532,815242917
1985-01-13,0.106532,0.113482,0.105014,0.111647,1140335493
1985-01-20,0.114644,0.116762,0.105014,0.10744,1929074405
1985-01-27,0.109845,0.113482,0.106532,0.111038,2250471826
1985-02-03,0.113482,0.114644,0.106532,0.10744,1830395831
1985-02-10,0.109845,0.114053,0.109845,0.112228,1163037778
1985-02-17,0.114375,0.115273,0.10262,0.105014,2018634951
1985-02-24,0.10472,0.10472,0.0990135,0.103526,1073503911
1985-03-03,0.103526,0.104127,0.0899665,0.0932972,1492463356
1985-03-10,0.0948052,0.0974956,0.0776377,0.0806633,1999733958
1985-03-17,0.0833635,0.0872857,0.0809687,0.0848515,1399898860
1985-03-24,0.085768,0.0866846,0.0824471,0.0833635,1120344552
1985-03-31,0.0833635,0.0851571,0.0809687,0.083058,664034817
1985-04-07,0.083058,0.0848515,0.0773323,0.0782388,885344317
1985-04-14,0.0782388,0.0824471,0.0734297,0.0782388,1078475161
1985-04-21,0.0803577,0.0863791,0.0803577,0.0845459,651753206
1985-04-28,0.0845459,0.0848515,0.0809687,0.0821514,601882045
1985-05-05,0.0821514,0.0824471,0.0722076,0.0752528,833319891
1985-05-12,0.0752528,0.0770464,0.0740407,0.0758441,677991337
1985-05-19,0.0758441,0.083058,0.0740407,0.08156,927825074
1985-05-26,0.08156,0.0833635,0.0680094,0.0680094,1541536880
1985-06-02,0.0671029,0.0677138,0.0632,0.0652894,1711167635
1985-06-09,0.0638013,0.0664919,0.0601844,0.0613967,2386341200
1985-06-16,0.0613967,0.0620077,0.0553753,0.0553753,2148097768
1985-06-23,0.0556708,0.0620077,0.0556708,0.0604999,1222957582
1985-06-30,0.0647078,0.0695173,0.0647078,0.0677138,1139404958
1985-07-07,0.0680094,0.0683246,0.0647078,0.0659005,339713461
1985-07-14,0.0659005,0.0680094,0.0659005,0.0671029,543663706
1985-07-21,0.0671029,0.0683246,0.0647078,0.0652894,751468639
1985-07-28,0.0652894,0.0652894,0.0607857,0.0622836,1157481878
1985-08-04,0.0622836,0.0622836,0.0592878,0.0592878,470797750
1985-08-11,0.0592878,0.0601844,0.0556708,0.0571786,612223153
1985-08-18,0.0571786,0.0580658,0.0541729,0.0547743,683839759
1985-08-25,0.0562721,0.0571786,0.0553753,0.0553753,426243472
1985-09-01,0.0568732,0.0577701,0.0556708,0.0562721,259324117
1985-09-08,0.0562721,0.0568732,0.0553753,0.0562721,249966775
1985-09-15,0.0571786,0.0604999,0.0571786,0.0592878,620543781
1985-09-22,0.0592878,0.0640968,0.0571786,0.0629044,786080713
1985-09-29,0.0632,0.0647078,0.0595734,0.0595734,440970884
1985-10-06,0.0595734,0.0601844,0.0562721,0.0562721,314432209
1985-10-13,0.0562721,0.0607857,0.0562721,0.0601844,761623611
1985-10-20,0.0622836,0.0716065,0.0622836,0.0664919,1561953211
1985-10-27,0.0664919,0.0707195,0.0647078,0.0677138,1219661197
1985-11-03,0.0677138,0.0722076,0.0671029,0.0698227,788685866
1985-11-10,0.0701284,0.0776377,0.0698227,0.0770464,1275752935
1985-11-17,0.0770464,0.0776377,0.0728185,0.0746418,801153694
1985-11-24,0.0746418,0.0752528,0.0707195,0.0713207,581120172
1985-12-01,0.0713207,0.0755289,0.0713207,0.0755289,655581155
1985-12-08,0.0755289,0.0776377,0.0734297,0.0740407,725097628
1985-12-15,0.0740407,0.0758441,0.0722076,0.0752528,1133131239
1985-12-22,0.0752528,0.085768,0.0752528,0.0839547,1701756968
1985-12-29,0.0839547,0.0848515,0.0809687,0.0839547,446898982
1986-01-05,0.0839547,0.0848515,0.08156,0.0839547,658080037
1986-01-12,0.0839547,0.0881925,0.0821514,0.0851571,2211739242
1986-01-19,0.0851571,0.0926865,0.0845459,0.0899665,2126405395
1986-01-26,0.0899665,0.0902817,0.0839547,0.0848515,819788935
1986-02-02,0.0848515,0.0914741,0.0824471,0.0866846,1882260517
1986-02-09,0.0866846,0.0914741,0.085768,0.0899665,1271020901
1986-02-16,0.0899665,0.0920853,0.0881925,0.0890794,765770625
1986-02-23,0.0890794,0.0966086,0.0872857,0.0948052,990695605
1986-03-02,0.0948052,0.100227,0.0932972,0.0939084,1032299099
1986-03-09,0.0939084,0.0966086,0.0908731,0.0926865,679400180
1986-03-16,0.0926865,0.0984022,0.0914741,0.0977914,907940405
1986-03-23,0.0974956,0.111038,0.0953768,0.103526,2044181997
1986-03-30,0.103526,0.108938,0.0990135,0.105932,1206395922
1986-04-06,0.105932,0.107124,0.0984022,0.100227,1273227549
1986-04-13,0.100227,0.104127,0.0984022,0.101417,752797963
1986-04-20,0.101417,0.112228,0.100227,0.111647,1121461001
1986-04-27,0.112228,0.122389,0.110159,0.12096,1877874238
1986-05-04,0.12096,0.122735,0.100827,0.114375,910891374
1986-05-11,0.114375,0.126084,0.114375,0.125248,1213520386
1986-05-18,0.125248,0.140276,0.124607,0.135131,2251269168
1986-05-25,0.135131,0.140542,0.12843,0.138727,1379482582
1986-06-01,0.138727,0.140542,0.136631,0.138727,617885431
1986-06-08,0.138727,0.14686,0.13786,0.141753,1366031340
1986-06-15,0.141753,0.141972,0.131831,0.136631,1130844967
1986-06-22,0.136631,0.138118,0.121829,0.135131,1579897265
1986-06-29,0.135131,0.13786,0.129099,0.134482,661535960
1986-07-06,0.134482,0.141753,0.130293,0.141113,574979323
1986-07-13,0.141113,0.141753,0.127562,0.139339,1487253004
1986-07-20,0.139339,0.140276,0.117333,0.119177,1940611786
1986-07-27,0.124025,0.130027,0.122735,0.127562,1198261318
1986-08-03,0.126991,0.127562,0.112544,0.11766,1815668376
1986-08-10,0.11766,0.122389,0.114644,0.118586,850679131
1986-08-17,0.119756,0.138727,0.119177,0.134184,1483717359
1986-08-24,0.134184,0.137517,0.130027,0.136049,910040664
1986-08-31,0.136905,0.142562,0.136049,0.138727,901480632
1986-09-07,0.139339,0.139339,0.127839,0.131831,768721611
1986-09-14,0.131514,0.135131,0.119177,0.119177,849110781
1986-09-21,0.12096,0.131831,0.120084,0.126084,964404385
1986-09-28,0.125542,0.136631,0.125542,0.12843,1201743813
1986-10-05,0.126084,0.130293,0.118586,0.126707,904192180
1986-10-12,0.126707,0.12843,0.12096,0.124607,558444378
1986-10-19,0.124301,0.132077,0.122735,0.126084,940000403
1986-10-26,0.125542,0.126084,0.12096,0.124025,659435947
1986-11-02,0.125542,0.130618,0.124025,0.130027,941834779
1986-11-09,0.130293,0.139339,0.126991,0.134184,1777627008
1986-11-16,0.134482,0.137517,0.130618,0.132077,664220908
1986-11-23,0.132077,0.138727,0.129425,0.135131,1420022855
1986-11-30,0.136049,0.154694,0.135131,0.150171,2316665122
1986-12-07,0.150171,0.164331,0.14686,0.164331,1879469212
1986-12-14,0.163731,0.164648,0.154033,0.154694,1542945920
1986-12-21,0.153759,0.159445,0.151698,0.158026,1051784955
1986-12-28,0.157699,0.159445,0.153759,0.153759,705133246
1987-01-04,0.153759,0.15561,0.150485,0.153167,616210774
1987-01-11,0.154694,0.171832,0.153759,0.170332,1815668247
1987-01-18,0.17065,0.192979,0.166696,0.18291,2258340630
1987-01-25,0.18291,0.209182,0.179696,0.188368,3089028679
1987-02-01,0.187463,0.214534,0.185708,0.208257,2506845113
1987-02-08,0.208257,0.210709,0.198292,0.20251,1515245770
1987-02-15,0.198292,0.23443,0.193495,0.23324,2239811633
1987-02-22,0.23324,0.252771,0.227277,0.229585,1643166475
1987-03-01,0.228438,0.267533,0.223551,0.26243,2453677708
1987-03-08,0.263621,0.264558,0.242829,0.252151,2131323366
1987-03-15,0.249519,0.254888,0.238343,0.238343,1445489939
1987-03-22,0.238343,0.261799,0.23443,0.256152,1598452816
1987-03-29,0.254888,0.257027,0.242829,0.243782,1264401682
1987-04-05,0.238343,0.269662,0.233553,0.269368,2454368883
1987-04-12,0.268155,0.272944,0.253068,0.263621,1465427751
1987-04-19,0.26243,0.274717,0.249519,0.268155,1479357703
1987-04-26,0.268155,0.289886,0.260635,0.280472,1833187044
1987-05-03,0.278631,0.300055,0.274717,0.300055,1643538610
1987-05-10,0.298193,0.308481,0.292416,0.296449,1216524342
1987-05-17,0.289569,0.298803,0.28197,0.294005,1261450800
1987-05-24,0.294005,0.294971,0.272324,0.278631,1235983691
1987-05-31,0.279861,0.302488,0.278068,0.296724,684504275
1987-06-07,0.298803,0.298803,0.289569,0.292121,803014484
1987-06-14,0.292121,0.301622,0.288268,0.296724,833426249
1987-06-21,0.296724,0.319284,0.285617,0.307988,1490017631
1987-06-28,0.309989,0.32499,0.300341,0.304166,732634101
1987-07-05,0.304166,0.307988,0.298803,0.305092,501023545
1987-07-12,0.306354,0.313882,0.274452,0.285617,1219302253
1987-07-19,0.292745,0.336419,0.291325,0.32499,1152098645
1987-07-26,0.32286,0.326792,0.304166,0.319284,579830780
1987-08-02,0.319284,0.32286,0.304166,0.309989,483132640
1987-08-09,0.307988,0.35479,0.300341,0.349401,852765993
1987-08-16,0.36292,0.37792,0.344295,0.368635,962676411
1987-08-23,0.372528,0.40443,0.36292,0.398745,908777863
1987-08-30,0.398745,0.402694,0.387655,0.391156,799571888
1987-09-06,0.393047,0.415545,0.376156,0.379801,963420658
1987-09-13,0.37792,0.417684,0.364774,0.409831,709785341
1987-09-20,0.411989,0.415545,0.383684,0.38944,584496411
1987-09-27,0.38944,0.43637,0.37792,0.432752,980155148
1987-10-04,0.432752,0.442085,0.408098,0.439948,842916626
1987-10-11,0.439948,0.449596,0.400497,0.407219,1032777634
1987-10-18,0.408098,0.411989,0.35752,0.36292,1648190891
1987-10-25,0.36292,0.36292,0.24532,0.267199,2566658587
1987-11-01,0.259373,0.323551,0.207899,0.290517,2303479505
1987-11-08,0.29155,0.297364,0.257561,0.28408,1398303842
1987-11-15,0.278324,0.301041,0.270875,0.280139,1221522163
1987-11-22,0.28408,0.289569,0.250081,0.267199,1367732535
1987-11-29,0.267199,0.28408,0.261502,0.263326,543065665
1987-12-06,0.253983,0.259373,0.223836,0.231445,1547172671
1987-12-13,0.23324,0.27262,0.23324,0.255826,1229497186
1987-12-20,0.259373,0.310205,0.257561,0.30445,1898077863
1987-12-27,0.30445,0.323551,0.302767,0.320505,662532854
1988-01-03,0.317816,0.329246,0.297364,0.315981,737698293
1988-01-10,0.321657,0.347843,0.297364,0.301041,1907382105
1988-01-17,0.301041,0.33853,0.29913,0.322584,1771805094
1988-01-24,0.323551,0.325284,0.287648,0.295197,2397851894
1988-01-31,0.297364,0.314131,0.29155,0.312375,1306590044
1988-02-07,0.314131,0.319567,0.289569,0.290517,1125820669
1988-02-14,0.289569,0.312375,0.28408,0.308481,990243687
1988-02-21,0.308481,0.321657,0.301041,0.314131,765664388
1988-02-28,0.312375,0.329246,0.310205,0.314131,982959686
1988-03-06,0.314131,0.353589,0.312375,0.352712,1494005222
1988-03-13,0.351794,0.359243,0.334676,0.344295,974293480
1988-03-20,0.344295,0.349724,0.332774,0.336696,1105364598
1988-03-27,0.334065,0.335593,0.301041,0.30182,1195483300
1988-04-03,0.301041,0.315981,0.29155,0.301041,1157721092
1988-04-10,0.29913,0.319007,0.289569,0.308481,1051386278
1988-04-17,0.314131,0.317816,0.289569,0.297364,1052715448
1988-04-24,0.29913,0.312375,0.293345,0.30182,1048315913
1988-05-01,0.302767,0.315981,0.301041,0.308481,761477497
1988-05-08,0.306658,0.324467,0.30445,0.310205,721575222
1988-05-15,0.310205,0.310205,0.297364,0.30445,595023415
1988-05-22,0.30445,0.315981,0.289569,0.29155,919438103
1988-05-29,0.289569,0.301041,0.28136,0.29913,749062941
1988-06-05,0.301041,0.325284,0.29913,0.323551,785548962
1988-06-12,0.321657,0.342471,0.321657,0.334676,1402291419
1988-06-19,0.33853,0.346077,0.332774,0.336696,909336039
1988-06-26,0.334065,0.3452,0.330182,0.33853,645439571
1988-07-03,0.334676,0.352712,0.334676,0.349724,710715862
1988-07-10,0.349724,0.35752,0.33853,0.340403,560158933
1988-07-17,0.342471,0.342471,0.332774,0.33853,516880579
1988-07-24,0.341563,0.346077,0.319567,0.319567,722465853
1988-07-31,0.321657,0.334676,0.317816,0.334065,683082007
1988-08-07,0.334676,0.344295,0.331029,0.332774,521758614
1988-08-14,0.334676,0.336696,0.314131,0.319567,630539368
1988-08-21,0.317816,0.325284,0.30445,0.306658,842371795
1988-08-28,0.302767,0.306658,0.295197,0.302767,744198138
1988-09-04,0.306658,0.309368,0.289569,0.29913,923930566
1988-09-11,0.301041,0.308481,0.28408,0.30445,907275953
1988-09-18,0.308481,0.321657,0.301041,0.317816,944440021
1988-09-25,0.315981,0.332774,0.310205,0.329246,632918550
1988-10-02,0.329246,0.332774,0.319567,0.325284,633357250
1988-10-09,0.323551,0.325284,0.288929,0.29913,1057394225
1988-10-16,0.297364,0.29913,0.282288,0.29155,1165230997
1988-10-23,0.289569,0.314131,0.287648,0.308481,962091549
1988-10-30,0.310205,0.310205,0.287648,0.289569,756253767
1988-11-06,0.29155,0.29155,0.276541,0.28408,1176542239
1988-11-13,0.280139,0.29913,0.278324,0.289569,872198693
1988-11-20,0.29155,0.295197,0.28408,0.285913,534292922
1988-11-27,0.282288,0.28408,0.267199,0.274452,719634664
1988-12-04,0.274452,0.300055,0.270875,0.295197,1122391491
1988-12-11,0.297364,0.301041,0.29155,0.29433,548169701
1988-12-18,0.295197,0.30445,0.287648,0.30182,866097825
1988-12-25,0.302767,0.315981,0.301041,0.309368,1065090231
1989-01-01,0.308481,0.312375,0.29913,0.302767,369128278
1989-01-08,0.302767,0.327382,0.301041,0.320505,1003960891
1989-01-15,0.323551,0.327382,0.310205,0.325284,810537696
1989-01-22,0.325284,0.331029,0.297364,0.308481,2187042869
1989-01-29,0.306658,0.316918,0.27262,0.282857,3473920969
1989-02-05,0.282857,0.302767,0.276541,0.295197,2595249379
1989-02-12,0.297364,0.297364,0.278324,0.280139,1125129600
1989-02-19,0.276541,0.280139,0.265148,0.276541,2171717359
1989-02-26,0.277476,0.28408,0.270875,0.270875,802708870
1989-03-05,0.270875,0.276541,0.255826,0.261502,1455193011
1989-03-12,0.263326,0.27262,0.257561,0.263326,1046322051
1989-03-19,0.263326,0.269071,0.255826,0.26243,964218286
1989-03-26,0.263326,0.267199,0.253983,0.258823,680503383
1989-04-02,0.257561,0.269071,0.252151,0.267858,780790606
1989-04-09,0.267199,0.282288,0.254888,0.28136,1084270271
1989-04-16,0.280139,0.297364,0.276541,0.29155,1156458336
1989-04-23,0.289569,0.313004,0.285913,0.30182,1687587788
1989-04-30,0.301041,0.30445,0.289569,0.293345,778929643
1989-05-07,0.289569,0.321657,0.289569,0.312375,1384506837
1989-05-14,0.312375,0.33853,0.312375,0.33853,1845694680
1989-05-21,0.336696,0.347843,0.336696,0.344295,1586782457
1989-05-28,0.344295,0.368635,0.340403,0.364774,1148031338
1989-06-04,0.36292,0.372528,0.353589,0.368635,630313314
1989-06-11,0.366813,0.368635,0.347843,0.353589,851184207
1989-06-18,0.351794,0.37792,0.327382,0.334676,1503110089
1989-06-25,0.334676,0.336696,0.315981,0.330182,840962765
1989-07-02,0.331029,0.332774,0.297364,0.310205,1121394439
1989-07-09,0.314131,0.315981,0.301041,0.310205,531129541
1989-07-16,0.308481,0.310205,0.297364,0.306658,1251455294
1989-07-23,0.306658,0.310205,0.29155,0.301041,1451112469
1989-07-30,0.29913,0.29913,0.28408,0.296449,1011111938
1989-08-06,0.295197,0.321657,0.293345,0.321657,841547563
1989-08-13,0.323551,0.344295,0.310205,0.315092,1129821553
1989-08-20,0.312375,0.319567,0.301041,0.317816,741114374
1989-08-27,0.317816,0.33853,0.315981,0.336696,887258391
1989-09-03,0.334676,0.33853,0.329246,0.335593,599409921
1989-09-10,0.334676,0.342471,0.331029,0.33853,440651713
1989-09-17,0.336696,0.351794,0.332774,0.33853,696666318
1989-09-24,0.334676,0.346077,0.323551,0.337583,635590168
1989-10-01,0.336696,0.344295,0.331029,0.334676,537416470
1989-10-08,0.334676,0.36292,0.324467,0.362072,1274662938
1989-10-15,0.361147,0.37919,0.33853,0.344295,1095860842
1989-10-22,0.336696,0.372528,0.319567,0.361147,1415104821
1989-10-29,0.361147,0.364774,0.334676,0.340403,897466613
1989-11-05,0.342471,0.351794,0.323551,0.325284,1029507919
1989-11-12,0.327382,0.353589,0.323551,0.351794,676569030
1989-11-19,0.349724,0.355402,0.329246,0.336696,516614884
1989-11-26,0.33853,0.349724,0.334676,0.336696,443987959
1989-12-03,0.336696,0.340403,0.319567,0.331029,715793349
1989-12-10,0.329246,0.344295,0.308481,0.314131,1169098993
1989-12-17,0.308481,0.312375,0.244395,0.253983,3427532394
1989-12-24,0.253983,0.280139,0.253983,0.274452,1454727917
1989-12-31,0.276541,0.276541,0.257561,0.265148,825943102
1990-01-07,0.265148,0.29155,0.263326,0.28408,873488043
1990-01-14,0.282288,0.285913,0.253983,0.259373,914267391
1990-01-21,0.259373,0.269071,0.242592,0.257561,1319350166
1990-01-28,0.255826,0.261502,0.242592,0.246404,888972954
1990-02-04,0.248307,0.261502,0.241605,0.257561,730892934
1990-02-11,0.257561,0.265148,0.242592,0.257561,1000252439
1990-02-18,0.257561,0.263326,0.252151,0.253983,591394788
1990-02-25,0.252151,0.259373,0.244395,0.250081,764627672
1990-03-04,0.248307,0.261502,0.248307,0.253983,678469695
1990-03-11,0.252151,0.282288,0.252151,0.277476,1183241595
1990-03-18,0.280139,0.306658,0.27262,0.302767,1399579853
1990-03-25,0.30445,0.323551,0.301041,0.317816,1703604649
1990-04-01,0.319567,0.326554,0.301041,0.302767,754605666
1990-04-08,0.301041,0.315981,0.297364,0.300055,788778960
1990-04-15,0.29913,0.331029,0.297364,0.325284,785362965
1990-04-22,0.327382,0.332774,0.29913,0.302767,1609790577
1990-04-29,0.302767,0.30445,0.286761,0.29433,976991717
1990-05-06,0.295197,0.306658,0.293345,0.301041,915330804
1990-05-13,0.29913,0.321657,0.29913,0.320505,878180029
1990-05-20,0.321657,0.321657,0.297364,0.29913,1038572884
1990-05-27,0.297364,0.319567,0.29155,0.301041,1474612357
1990-06-03,0.301041,0.315981,0.295197,0.306658,926097209
1990-06-10,0.306658,0.308481,0.282288,0.287648,1437089617
1990-06-17,0.28408,0.306658,0.28408,0.297364,885743065
1990-06-24,0.295197,0.320505,0.288929,0.312375,1087008435
1990-07-01,0.312375,0.337583,0.302767,0.336696,1093747308
1990-07-08,0.334676,0.33853,0.325284,0.336696,654424801
1990-07-15,0.33853,0.359243,0.336696,0.351794,1586104551
1990-07-22,0.351794,0.354495,0.301041,0.308481,1641013301
1990-07-29,0.308481,0.325284,0.301041,0.311448,844604776
1990-08-05,0.306658,0.329246,0.29913,0.310205,910333015
1990-08-12,0.293345,0.306658,0.287648,0.29155,806789470
1990-08-19,0.285913,0.302767,0.269071,0.274452,850134068
1990-08-26,0.274452,0.282288,0.252151,0.267199,683507332
1990-09-02,0.276541,0.288929,0.270875,0.278324,677220358
1990-09-09,0.274452,0.282288,0.264241,0.273909,347249883
1990-09-16,0.278324,0.278324,0.248307,0.255826,671518111
1990-09-23,0.255826,0.265148,0.23324,0.23715,758991857
1990-09-30,0.23715,0.23715,0.205013,0.218181,841388100
1990-10-07,0.222121,0.240688,0.197445,0.210709,1196108071
1990-10-14,0.216397,0.219974,0.192045,0.212395,907461956
1990-10-21,0.214218,0.238916,0.182318,0.235919,2449557148
1990-10-28,0.23715,0.23715,0.222989,0.225689,1007895181
1990-11-04,0.227541,0.243782,0.217312,0.238916,723396318
1990-11-11,0.242592,0.269071,0.240688,0.267199,1150809440
1990-11-18,0.267199,0.280139,0.261502,0.264241,976154179
1990-11-25,0.267199,0.278324,0.261502,0.273909,657415468
1990-12-02,0.270875,0.289569,0.270875,0.276541,794148913
1990-12-09,0.280139,0.321657,0.278324,0.319567,1658930758
1990-12-16,0.317816,0.319567,0.293345,0.300055,1291955639
1990-12-23,0.293345,0.340403,0.293345,0.33853,1471555328
1990-12-30,0.336696,0.33853,0.321657,0.323551,383775983
1991-01-06,0.323551,0.332774,0.315981,0.325284,582662145
1991-01-13,0.323551,0.355402,0.319567,0.353589,2064664724
1991-01-20,0.346077,0.396941,0.346077,0.37792,2763338146
1991-01-27,0.374364,0.403217,0.374364,0.402694,1725615901
1991-02-03,0.400497,0.435462,0.393047,0.419567,1795531267
1991-02-10,0.419567,0.453222,0.411989,0.450471,1994084826
1991-02-17,0.451429,0.462869,0.426988,0.433384,1835486434
1991-02-24,0.432752,0.468231,0.431855,0.449596,1024576616
1991-03-03,0.453222,0.454996,0.423104,0.434557,1349549323
1991-03-10,0.43637,0.513152,0.428822,0.488966,2014807086
1991-03-17,0.485093,0.50773,0.468231,0.498368,1205173063
1991-03-24,0.494722,0.528426,0.468231,0.47576,1937807258
1991-03-31,0.47788,0.528426,0.47576,0.511475,876319197
1991-04-07,0.511475,0.547444,0.50773,0.521723,1156897027
1991-04-14,0.520837,0.551091,0.50221,0.539856,1342996488
1991-04-21,0.464653,0.488966,0.447813,0.448334,3771844916
1991-04-28,0.447813,0.474007,0.434557,0.440903,1234481716
1991-05-05,0.439948,0.453222,0.353589,0.368635,4558829465
1991-05-12,0.364774,0.400497,0.36292,0.38541,1352367248
1991-05-19,0.393047,0.40443,0.349724,0.353589,2175864449
1991-05-26,0.355402,0.35752,0.331029,0.3452,1358880101
1991-06-02,0.346077,0.359243,0.340403,0.353589,1105656846
1991-06-09,0.353589,0.372528,0.343051,0.346917,1019312936
1991-06-16,0.346077,0.354495,0.306658,0.309368,1457705089
1991-06-23,0.308481,0.325284,0.306658,0.315981,1115904979
1991-06-30,0.314131,0.327382,0.302767,0.312375,1262952761
1991-07-07,0.317816,0.346077,0.314131,0.343051,1135616751
1991-07-14,0.340403,0.36292,0.33853,0.351794,1149706170
1991-07-21,0.351794,0.351794,0.317816,0.346077,1301472755
1991-07-28,0.344295,0.349724,0.334676,0.337583,609072923
1991-08-04,0.340403,0.37792,0.334676,0.376156,1150463717
1991-08-11,0.374364,0.38944,0.359243,0.381959,1040393987
1991-08-18,0.381959,0.413851,0.379801,0.400497,1108660964
1991-08-25,0.372528,0.417684,0.364774,0.398745,1366389982
1991-09-01,0.398745,0.408098,0.393047,0.398745,580362502
1991-09-08,0.396941,0.400497,0.379801,0.387655,409814722
1991-09-15,0.38944,0.402694,0.364774,0.365659,917696652
1991-09-22,0.370539,0.383684,0.349724,0.380678,983863653
1991-09-29,0.376156,0.381959,0.36292,0.368635,453651170
1991-10-06,0.370539,0.38944,0.35752,0.36292,561275378
1991-10-13,0.361147,0.368635,0.349724,0.364774,767804361
1991-10-20,0.368635,0.417684,0.366813,0.413851,1423571719
1991-10-27,0.415545,0.423104,0.381959,0.38541,924023738
1991-11-03,0.387655,0.396941,0.372528,0.383684,902437603
1991-11-10,0.381959,0.40443,0.35752,0.400497,1566831274
1991-11-17,0.402694,0.415545,0.374364,0.376156,1142275993
1991-11-24,0.376156,0.394801,0.374364,0.38541,1064518666
1991-12-01,0.383684,0.393047,0.376156,0.381959,373873463
1991-12-08,0.381959,0.391156,0.364774,0.366813,710277239
1991-12-15,0.368635,0.381959,0.364774,0.37919,583752070
1991-12-22,0.37919,0.391156,0.376156,0.37792,718172564
1991-12-29,0.379801,0.419567,0.376156,0.413851,704907231
1992-01-05,0.413851,0.453222,0.413851,0.443869,880067447
1992-01-12,0.442085,0.470073,0.432752,0.468231,1060012633
1992-01-19,0.468231,0.519063,0.462869,0.48725,2194685721
1992-01-26,0.485093,0.494722,0.458988,0.486304,1072121575
1992-02-02,0.48725,0.494722,0.472133,0.48725,751707954
1992-02-09,0.48725,0.50221,0.472133,0.481486,893930967
1992-02-16,0.481486,0.492947,0.468231,0.482375,587473773
1992-02-23,0.48327,0.492947,0.464653,0.488966,529853517
1992-03-01,0.498368,0.526652,0.490778,0.50773,997208647
1992-03-08,0.509604,0.515122,0.474007,0.481486,800967540
1992-03-15,0.479733,0.48725,0.462869,0.474884,706582117
1992-03-22,0.472133,0.481486,0.464653,0.47576,468897066
1992-03-29,0.474007,0.490778,0.454996,0.458988,912153947
1992-04-05,0.46074,0.46074,0.430644,0.443869,1141385471
1992-04-12,0.443869,0.46074,0.411989,0.417684,1383097909
1992-04-19,0.417684,0.458032,0.415545,0.443869,882101122
1992-04-26,0.443869,0.443869,0.421292,0.424999,995746485
1992-05-03,0.421292,0.457105,0.398745,0.445673,1077518052
1992-05-10,0.447813,0.47304,0.445673,0.466417,1011563888
1992-05-17,0.466417,0.47576,0.453222,0.455844,645186912
1992-05-24,0.462869,0.462869,0.442085,0.447813,733591074
1992-05-31,0.447813,0.455844,0.442085,0.449596,658890926
1992-06-07,0.430644,0.447813,0.402694,0.412935,1183427628
1992-06-14,0.413851,0.413851,0.402694,0.410708,675572062
1992-06-21,0.406272,0.406272,0.329246,0.336696,2041191203
1992-06-28,0.331029,0.349724,0.321657,0.340403,1404577552
1992-07-05,0.344295,0.372528,0.340403,0.347843,927997909
1992-07-12,0.349724,0.351794,0.327382,0.344295,990522844
1992-07-19,0.344295,0.368635,0.335593,0.33853,1174256368
1992-07-26,0.336696,0.347843,0.329246,0.3452,940558627
1992-08-02,0.344295,0.359243,0.340403,0.351794,731065732
1992-08-09,0.351794,0.355402,0.312375,0.326554,954940620
1992-08-16,0.325284,0.342471,0.323551,0.336696,760999018
1992-08-23,0.332774,0.340403,0.329246,0.335593,747600759
1992-08-30,0.332774,0.340403,0.325284,0.33853,652231607
1992-09-06,0.33853,0.370539,0.336696,0.355402,767126511
1992-09-13,0.351794,0.372528,0.349724,0.358181,753914422
1992-09-20,0.368635,0.376156,0.340403,0.349724,1068054243
1992-09-27,0.351794,0.359243,0.340403,0.342471,698194848
1992-10-04,0.33853,0.342471,0.323551,0.329246,763232036
1992-10-11,0.325284,0.340403,0.312375,0.326554,803958245
1992-10-18,0.325284,0.372528,0.325284,0.368635,998444795
1992-10-25,0.368635,0.376156,0.361147,0.366813,917896034
1992-11-01,0.366813,0.406272,0.364774,0.394801,1190299582
1992-11-08,0.394801,0.424999,0.387655,0.419567,1171145953
1992-11-15,0.421292,0.438193,0.411989,0.423104,674003663
1992-11-22,0.423104,0.447813,0.412935,0.432752,1112236465
1992-11-29,0.424999,0.432752,0.421292,0.424999,562631241
1992-12-06,0.423104,0.443869,0.418296,0.427876,797272499
1992-12-13,0.426988,0.442085,0.424999,0.432752,902716895
1992-12-20,0.432752,0.445673,0.409831,0.438193,1172887154
1992-12-27,0.438193,0.46074,0.43637,0.443869,824255007
1993-01-03,0.445673,0.457105,0.442085,0.449596,450434640
1993-01-10,0.447813,0.474007,0.430644,0.468231,1412100833
1993-01-17,0.466417,0.490778,0.451429,0.453222,2480314513
1993-01-24,0.447813,0.454996,0.43637,0.447813,1302815160
1993-01-31,0.445673,0.466417,0.442085,0.447813,1382180769
1993-02-07,0.445673,0.462869,0.423104,0.430644,1498710527
1993-02-14,0.428822,0.432752,0.40443,0.405336,1461732598
1993-02-21,0.402694,0.417684,0.387655,0.413851,1323537162
1993-02-28,0.413851,0.421292,0.39211,0.398745,1236036741
1993-03-07,0.398745,0.419567,0.396941,0.413851,913403438
1993-03-14,0.413851,0.432752,0.413851,0.423104,873035990
1993-03-21,0.421292,0.434557,0.402694,0.40443,799678362
1993-03-28,0.402694,0.411989,0.394801,0.400497,870630198
1993-04-04,0.393047,0.396941,0.372528,0.377043,1318260317
1993-04-11,0.376156,0.381959,0.364774,0.374364,764069337
1993-04-18,0.372528,0.38541,0.351794,0.362072,1582077164
1993-04-25,0.364774,0.381959,0.36292,0.370539,1145240122
1993-05-02,0.370539,0.394801,0.364774,0.38541,724526088
1993-05-09,0.38541,0.417684,0.383684,0.411989,761224797
1993-05-16,0.413851,0.421292,0.398745,0.417684,1045152476
1993-05-23,0.417684,0.444757,0.409831,0.432752,1002365889
1993-05-30,0.426988,0.442085,0.4167,0.425835,989579123
1993-06-06,0.424999,0.438193,0.409831,0.412935,837972129
1993-06-13,0.409831,0.411989,0.321657,0.329246,3652709958
1993-06-20,0.331029,0.340403,0.29913,0.308481,2102519917
1993-06-27,0.30445,0.315981,0.297364,0.301041,1508014913
1993-07-04,0.30445,0.30445,0.28408,0.289569,1492888713
1993-07-11,0.287648,0.293345,0.27262,0.276541,804795597
1993-07-18,0.276541,0.29155,0.199261,0.206975,3604141492
1993-07-25,0.210709,0.216397,0.192045,0.197445,2657189384
1993-08-01,0.201298,0.212395,0.195603,0.208848,924555325
1993-08-08,0.212395,0.231445,0.210709,0.219974,1152444306
1993-08-15,0.219974,0.227541,0.195603,0.20589,1137105496
1993-08-22,0.206975,0.223836,0.203123,0.210709,773081277
1993-08-29,0.210709,0.216397,0.197445,0.199261,831831285
1993-09-05,0.199261,0.201298,0.189847,0.193739,1272669176
1993-09-12,0.195603,0.203123,0.190754,0.197445,776377720
1993-09-19,0.197445,0.199261,0.176965,0.189847,1243905630
1993-09-26,0.189847,0.192045,0.179696,0.188043,683042176
1993-10-03,0.188043,0.189847,0.169062,0.17125,1252478814
1993-10-10,0.170332,0.180583,0.165556,0.170332,971661578
1993-10-17,0.17125,0.214218,0.17125,0.212395,2089228064
1993-10-24,0.210709,0.23715,0.205013,0.227541,2027208329
1993-10-31,0.227541,0.242592,0.218181,0.231445,1521439637
1993-11-07,0.231445,0.248307,0.227541,0.23988,1270542526
1993-11-14,0.240688,0.241605,0.223836,0.238916,832296566
1993-11-21,0.23715,0.263326,0.23715,0.248307,1186989840
1993-11-28,0.246404,0.252151,0.235013,0.24532,558563905
1993-12-05,0.242592,0.24532,0.23324,0.23715,642887563
1993-12-12,0.23715,0.244395,0.208848,0.212395,1116091050
1993-12-19,0.212395,0.223836,0.208848,0.222121,1107730601
1993-12-26,0.219974,0.223836,0.199261,0.205013,1006964925
1994-01-02,0.208848,0.227541,0.205013,0.219974,1070832247
1994-01-09,0.222121,0.255826,0.218181,0.249195,2069901724
1994-01-16,0.248307,0.254888,0.223836,0.23324,2067615606
1994-01-23,0.23324,0.252151,0.216397,0.251291,2419025824
1994-01-30,0.250081,0.265148,0.248307,0.255826,1862016998
1994-02-06,0.252151,0.263326,0.242592,0.252151,1226599603
1994-02-13,0.252151,0.282288,0.252151,0.278324,1974904743
1994-02-20,0.278324,0.285913,0.27262,0.27262,939415726
1994-02-27,0.27262,0.287648,0.267199,0.270875,1079711283
1994-03-06,0.27262,0.282288,0.261502,0.276541,1240370053
1994-03-13,0.278324,0.286761,0.270875,0.280139,1246816557
1994-03-20,0.289569,0.289569,0.269071,0.273909,1392468702
1994-03-27,0.273909,0.274452,0.246404,0.246404,1468936777
1994-04-03,0.248307,0.255826,0.23715,0.250081,1038400126
1994-04-10,0.242592,0.257561,0.238916,0.252151,770821662
1994-04-17,0.252151,0.252151,0.225689,0.227541,1052835027
1994-04-24,0.229295,0.240688,0.203123,0.223836,2120477217
1994-05-01,0.223836,0.23715,0.222121,0.225689,852965357
1994-05-08,0.225689,0.253983,0.222121,0.243153,1301167009
1994-05-15,0.242592,0.244395,0.219974,0.225689,750697673
1994-05-22,0.225689,0.244395,0.216397,0.233553,962570087
1994-05-29,0.23324,0.238916,0.222121,0.225404,669617555
1994-06-05,0.222121,0.222121,0.201298,0.207899,1639843522
1994-06-12,0.206975,0.208848,0.192045,0.199261,1159130103
1994-06-19,0.198292,0.210709,0.194705,0.199261,1008107914
1994-06-26,0.197445,0.205013,0.186349,0.192686,1250604647
1994-07-03,0.189847,0.204057,0.185362,0.193739,1004904535
1994-07-10,0.192979,0.207899,0.192045,0.203416,666507196
1994-07-17,0.204057,0.227541,0.198292,0.212395,1275340821
1994-07-24,0.211608,0.240434,0.198292,0.23324,1763803420
1994-07-31,0.234135,0.255826,0.230471,0.25341,1835140784
1994-08-07,0.252771,0.253983,0.241605,0.250081,1183746767
1994-08-14,0.249195,0.264241,0.248307,0.261502,1128837939
1994-08-21,0.261502,0.266243,0.255826,0.26243,1066671915
1994-08-28,0.261502,0.273909,0.257561,0.269071,1235956968
1994-09-04,0.269071,0.28136,0.26034,0.266243,1176821567
1994-09-11,0.265148,0.275358,0.263326,0.269071,725589413
1994-09-18,0.267858,0.280139,0.263326,0.273909,1088217963
1994-09-25,0.273909,0.276541,0.252771,0.255166,1050960924
1994-10-02,0.254888,0.259373,0.251291,0.25341,608979966
1994-10-09,0.252771,0.286761,0.244395,0.278324,2246670123
1994-10-16,0.27927,0.322584,0.278324,0.309368,3162027642
1994-10-23,0.307625,0.321657,0.292416,0.320505,1975516228
1994-10-30,0.321657,0.329246,0.312375,0.316918,1347568907
1994-11-06,0.315981,0.327119,0.301041,0.303917,1299890845
1994-11-13,0.303917,0.323551,0.30182,0.309368,1285987706
1994-11-20,0.310205,0.323551,0.297887,0.301041,940066988
1994-11-27,0.301041,0.302767,0.273909,0.28408,995666890
1994-12-04,0.282857,0.296449,0.267858,0.275014,1277467511
1994-12-11,0.274452,0.288929,0.261502,0.27262,1170454645
1994-12-18,0.273909,0.288929,0.267199,0.280139,1260453889
1994-12-25,0.280139,0.296449,0.280139,0.292416,1059042436
1995-01-01,0.295197,0.300055,0.287648,0.293345,433779990
1995-01-08,0.292416,0.324467,0.285006,0.315981,1676688650
1995-01-15,0.313004,0.361738,0.308481,0.337583,3163768835
1995-01-22,0.337583,0.353589,0.319567,0.320505,2327737234
1995-01-29,0.315092,0.320505,0.293345,0.300055,1992197452
1995-02-05,0.30182,0.316918,0.300055,0.30445,1334556133
1995-02-12,0.306658,0.332204,0.297364,0.329246,1986481972
1995-02-19,0.327382,0.334676,0.319567,0.319567,1155953373
1995-02-26,0.320505,0.321657,0.289569,0.293345,1754671905
1995-03-05,0.287648,0.306658,0.285913,0.302767,1341933090
1995-03-12,0.29913,0.303917,0.28408,0.297364,1165975403
1995-03-19,0.297887,0.297887,0.259373,0.264241,2749714005
1995-03-26,0.264241,0.297364,0.263326,0.28408,1510300994
1995-04-02,0.282857,0.282857,0.254888,0.265148,2119732935
1995-04-09,0.267199,0.285913,0.252771,0.276541,2214410848
1995-04-16,0.277476,0.297887,0.271683,0.287648,1164686047
1995-04-23,0.286761,0.297364,0.267858,0.29433,2035914505
1995-04-30,0.293345,0.297887,0.280139,0.287648,1319097707
1995-05-07,0.287648,0.300055,0.282288,0.292416,1161137125
1995-05-14,0.300055,0.328654,0.29913,0.328042,2559334701
1995-05-21,0.324467,0.334065,0.319567,0.321657,1997554136
1995-05-28,0.319567,0.334065,0.317816,0.321085,1436743912
1995-06-04,0.320505,0.322584,0.308481,0.316918,769425990
1995-06-11,0.319007,0.334065,0.316918,0.327382,1207193530
1995-06-18,0.331029,0.335593,0.326554,0.330182,757250671
1995-06-25,0.330182,0.377043,0.327382,0.366813,3014354948
1995-07-02,0.36292,0.364774,0.341563,0.349401,1227463440
1995-07-09,0.349724,0.370539,0.344295,0.365659,934776632
1995-07-16,0.365659,0.375298,0.346917,0.366813,1693157192
1995-07-23,0.367653,0.374364,0.323551,0.329246,2481524056
1995-07-30,0.331029,0.35752,0.329246,0.342471,1466517763
1995-08-06,0.342471,0.343051,0.327382,0.332774,1247082364
1995-08-13,0.331896,0.335593,0.315092,0.324181,1386540609
1995-08-20,0.323551,0.342471,0.322584,0.337583,1502405718
1995-08-27,0.337583,0.347843,0.331896,0.336696,1382473199
1995-09-03,0.337583,0.33853,0.319567,0.32286,1067881412
1995-09-10,0.327382,0.340943,0.321657,0.336696,970584963
1995-09-17,0.337583,0.342471,0.267199,0.269989,3066645165
1995-09-24,0.273909,0.282288,0.269989,0.278955,2586330407
1995-10-01,0.287648,0.287648,0.261502,0.280139,1936757153
1995-10-08,0.28408,0.289569,0.267858,0.26846,1782186096
1995-10-15,0.266243,0.277476,0.252771,0.270875,1783661643
1995-10-22,0.27262,0.297632,0.26034,0.264241,2616024520
1995-10-29,0.264241,0.267199,0.256714,0.261502,978706149
1995-11-05,0.26243,0.27927,0.26034,0.274452,1175239908
1995-11-12,0.274452,0.308481,0.273909,0.29913,2243254134
1995-11-19,0.302767,0.319567,0.297364,0.30182,1575497701
1995-11-26,0.302767,0.303917,0.285006,0.302194,651327727
1995-12-03,0.305387,0.305387,0.27927,0.282857,921524776
1995-12-10,0.30182,0.30182,0.285006,0.296449,1576826853
1995-12-17,0.297364,0.297887,0.258823,0.265148,2414479949
1995-12-24,0.264241,0.265148,0.238117,0.242592,2409947527
1995-12-31,0.244395,0.251291,0.238117,0.23988,1141917133
1996-01-07,0.242592,0.257561,0.235919,0.257561,1560889890
1996-01-14,0.259373,0.267199,0.242592,0.254888,2250817350
1996-01-21,0.253983,0.261502,0.22085,0.224762,2943216912
1996-01-28,0.223836,0.255826,0.21548,0.230471,3945875277
1996-02-04,0.218181,0.223836,0.201859,0.219974,2578288756
1996-02-11,0.223256,0.225689,0.206975,0.208848,1630778507
1996-02-18,0.211608,0.217312,0.20589,0.206975,1025945614
1996-02-25,0.210709,0.227541,0.210709,0.224762,1134819387
1996-03-03,0.225689,0.226626,0.200391,0.202215,948680112
1996-03-10,0.205013,0.20589,0.188043,0.195603,966172096
1996-03-17,0.197445,0.198292,0.192045,0.194705,614256888
1996-03-24,0.195296,0.199261,0.187196,0.190754,672940449
1996-03-31,0.192045,0.193739,0.173035,0.184782,1444160803
1996-04-07,0.189029,0.194705,0.180583,0.181488,496504192
1996-04-14,0.179696,0.199261,0.17875,0.192045,900018657
1996-04-21,0.192045,0.195603,0.182318,0.188368,783209736
1996-04-28,0.189847,0.192045,0.181488,0.186349,916992211
1996-05-05,0.188043,0.188043,0.176965,0.179696,791796180
1996-05-12,0.187196,0.20589,0.186349,0.205013,1232448078
1996-05-19,0.204057,0.217312,0.200391,0.207899,1104154890
1996-05-26,0.209735,0.211608,0.193739,0.201298,757250630
1996-06-02,0.201298,0.205013,0.186349,0.19651,697211178
1996-06-09,0.194705,0.195603,0.176965,0.183243,2406385053
1996-06-16,0.183243,0.187463,0.179696,0.180287,887377911
1996-06-23,0.181488,0.181488,0.168215,0.170332,925166696
1996-06-30,0.170332,0.170332,0.147717,0.158026,1327976671
1996-07-07,0.158911,0.161857,0.14472,0.14686,730759957
1996-07-14,0.147717,0.14954,0.129692,0.135773,1312890403
1996-07-21,0.136334,0.163731,0.120408,0.156192,2158824400
1996-07-28,0.157119,0.165556,0.14954,0.165556,931041606
1996-08-04,0.165556,0.17125,0.158911,0.162795,849722126
1996-08-11,0.162795,0.175765,0.156192,0.173939,920182289
1996-08-18,0.175765,0.177913,0.166472,0.169062,683693556
1996-08-25,0.168215,0.180583,0.168215,0.179696,999933606
1996-09-01,0.179696,0.188043,0.176965,0.182318,896296810
1996-09-08,0.181488,0.185362,0.170332,0.173035,819071140
1996-09-15,0.170332,0.17125,0.15229,0.158026,1042799639
1996-09-22,0.161857,0.181488,0.160665,0.172108,1276736480
1996-09-29,0.172108,0.172108,0.165556,0.16788,573743298
1996-10-06,0.166472,0.186349,0.165556,0.171832,1498524484
1996-10-13,0.173035,0.185362,0.172108,0.182318,912326802
1996-10-20,0.184179,0.208848,0.182318,0.1998,2820692595
1996-10-27,0.199261,0.200391,0.182318,0.184179,858415090
1996-11-03,0.189029,0.189029,0.167259,0.182318,1165682958
1996-11-10,0.183243,0.197445,0.17875,0.197445,1179027960
1996-11-17,0.198292,0.198292,0.188043,0.188043,591421382
1996-11-24,0.188043,0.190754,0.183243,0.189847,658598453
1996-12-01,0.190754,0.192045,0.180583,0.181488,383643022
1996-12-08,0.181488,0.192045,0.179696,0.189029,1202036191
1996-12-15,0.189847,0.190754,0.174807,0.174807,809846545
1996-12-22,0.176965,0.177913,0.160665,0.176965,1418055457
1996-12-29,0.180583,0.182318,0.172108,0.173939,726067951
1997-01-05,0.173939,0.174807,0.156192,0.163731,1078036433
1997-01-12,0.132736,0.138118,0.129692,0.137221,5649360179
1997-01-19,0.139026,0.139026,0.125248,0.126084,2362947376
1997-01-26,0.126991,0.131831,0.126084,0.126991,1356128764
1997-02-02,0.128755,0.129692,0.124025,0.125248,1086928657
1997-02-09,0.126991,0.127839,0.113736,0.119177,2504106904
1997-02-16,0.121256,0.123079,0.116762,0.122735,1109431902
1997-02-23,0.125248,0.134482,0.120408,0.123079,1122218563
1997-03-02,0.122123,0.130618,0.122123,0.122123,692745274
1997-03-09,0.124025,0.127839,0.120408,0.124025,613233324
1997-03-16,0.125248,0.126084,0.120408,0.124607,717042809
1997-03-23,0.122123,0.131831,0.119481,0.125248,1164885587
1997-03-30,0.124025,0.14472,0.12096,0.140276,1696520035
1997-04-06,0.140276,0.147717,0.129692,0.14472,2892216081
1997-04-13,0.148625,0.14954,0.136334,0.137221,1056968815
1997-04-20,0.138118,0.14472,0.135457,0.138118,825437847
1997-04-27,0.140276,0.140276,0.130618,0.131831,475436628
1997-05-04,0.133595,0.135457,0.126084,0.127839,629569027
1997-05-11,0.127839,0.131831,0.123079,0.128165,673099952
1997-05-18,0.129692,0.135457,0.127839,0.129692,818805274
1997-05-25,0.131831,0.132736,0.124025,0.126991,478427179
1997-06-01,0.126084,0.131831,0.123079,0.125248,543703683
1997-06-08,0.127839,0.128755,0.124025,0.126084,361631748
1997-06-15,0.125542,0.127562,0.118586,0.119177,629010794
1997-06-22,0.119481,0.124025,0.115844,0.117048,732381646
1997-06-29,0.116762,0.117333,0.109845,0.110447,1126565052
1997-07-06,0.111038,0.111038,0.0977914,0.102916,1256320180
1997-07-13,0.10472,0.116762,0.0959978,0.114053,1966052484
1997-07-20,0.114644,0.136334,0.111933,0.130293,2776390854
1997-07-27,0.132077,0.132994,0.117333,0.122123,1280524683
1997-08-03,0.123719,0.144179,0.122123,0.144179,1544926371
1997-08-10,0.144179,0.222417,0.144179,0.201859,12601788060
1997-08-17,0.198047,0.198971,0.153759,0.174807,5336004668
1997-08-24,0.175437,0.189029,0.17125,0.177913,1564425537
1997-08-31,0.177913,0.178159,0.161857,0.163731,902916141
1997-09-07,0.165556,0.174807,0.165257,0.166696,865659119
1997-09-14,0.167259,0.173939,0.15977,0.16587,1105842999
1997-09-21,0.164648,0.169062,0.161857,0.165257,690698294
1997-09-28,0.166472,0.173359,0.158026,0.16038,1252093360
1997-10-05,0.163139,0.16788,0.160665,0.166472,873368440
1997-10-12,0.166696,0.17125,0.159178,0.17065,912818588
1997-10-19,0.17125,0.186349,0.14954,0.151353,2745208074
1997-10-26,0.151353,0.151698,0.124025,0.124607,1914626215
1997-11-02,0.126084,0.139026,0.119481,0.128165,1550283059
1997-11-09,0.132077,0.150485,0.128165,0.148625,2485604700
1997-11-16,0.158026,0.161857,0.131831,0.138727,2766780739
1997-11-23,0.141972,0.142562,0.134482,0.136631,779953168
1997-11-30,0.132077,0.135457,0.126991,0.133595,551266757
1997-12-07,0.132994,0.135131,0.117048,0.119177,1481351485
1997-12-14,0.117048,0.118586,0.104414,0.106227,1173737880
1997-12-21,0.106227,0.109549,0.0996047,0.102916,1198022056
1997-12-28,0.104414,0.105321,0.0972099,0.100227,977922078
1998-01-04,0.100227,0.122123,0.0959978,0.122123,2071124624
1998-01-11,0.124025,0.150485,0.111038,0.136631,6131509102
1998-01-18,0.131229,0.150171,0.128755,0.141753,3024071363
1998-01-25,0.143222,0.148625,0.139685,0.14686,1180436907
1998-02-01,0.146287,0.148033,0.137221,0.13786,930576527
1998-02-08,0.139026,0.140542,0.130618,0.139026,1958369807
1998-02-15,0.138118,0.14954,0.138118,0.14686,1827750637
1998-02-22,0.14686,0.157699,0.14686,0.150485,1664353788
1998-03-01,0.151353,0.179696,0.150485,0.177913,3277254698
1998-03-08,0.177234,0.186349,0.162795,0.183893,3434444238
1998-03-15,0.17875,0.205013,0.169062,0.204057,4524802311
1998-03-22,0.204057,0.205013,0.194705,0.198292,1738801463
1998-03-29,0.195296,0.210709,0.185362,0.202807,2298309103
1998-04-05,0.201298,0.209477,0.201298,0.203416,1307653314
1998-04-12,0.203123,0.203123,0.185708,0.192979,1229258037
1998-04-19,0.192979,0.222989,0.188043,0.210395,4276869184
1998-04-26,0.207899,0.222121,0.204403,0.210395,2185554262
1998-05-03,0.201298,0.212395,0.197445,0.210709,1424754711
1998-05-10,0.217312,0.230471,0.217312,0.229029,3217521041
1998-05-17,0.232303,0.238117,0.219974,0.222417,1984900162
1998-05-24,0.22085,0.224762,0.205624,0.209735,1232368304
1998-05-31,0.211046,0.212395,0.192979,0.200391,1420780429
1998-06-07,0.199261,0.207899,0.192979,0.202215,1096099980
1998-06-14,0.203123,0.218181,0.201859,0.211608,1228992188
1998-06-21,0.205013,0.21486,0.201298,0.203416,843886918
1998-06-28,0.203123,0.217017,0.201298,0.211882,1118350637
1998-07-05,0.212395,0.226015,0.211046,0.218181,1079339101
1998-07-12,0.222121,0.252771,0.219087,0.24131,2746630292
1998-07-19,0.240434,0.286761,0.23988,0.277476,5992954856
1998-07-26,0.275014,0.278324,0.254547,0.260931,1802163765
1998-08-02,0.257561,0.276541,0.248307,0.26034,1700334879
1998-08-09,0.257561,0.28136,0.250081,0.274452,2120051944
1998-08-16,0.27327,0.308481,0.27262,0.30445,4485298946
1998-08-23,0.308481,0.329246,0.293345,0.323551,3831046887
1998-08-30,0.326792,0.327382,0.256714,0.257027,4223396049
1998-09-06,0.261502,0.28136,0.230471,0.264241,3996251425
1998-09-13,0.285913,0.297887,0.269071,0.282857,1942339835
1998-09-20,0.287648,0.292121,0.267533,0.276541,1796740659
1998-09-27,0.26846,0.297632,0.26566,0.29155,1842890083
1998-10-04,0.29913,0.302194,0.256714,0.263918,2045431368
1998-10-11,0.255826,0.265148,0.214218,0.264241,3302256666
1998-10-18,0.282288,0.310845,0.267199,0.276,6290825353
1998-10-25,0.276,0.287076,0.264241,0.267199,2328255571
1998-11-01,0.271387,0.292745,0.263918,0.27927,2420979671
1998-11-08,0.282288,0.296449,0.280139,0.286464,3152736529
1998-11-15,0.283468,0.286761,0.246404,0.26846,4604912373
1998-11-22,0.270254,0.279578,0.261502,0.26566,1982707174
1998-11-29,0.267533,0.277183,0.261502,0.263918,1607610847
1998-12-06,0.260024,0.277476,0.238117,0.246404,4435122157
1998-12-13,0.251291,0.255826,0.238117,0.253983,3466411335
1998-12-20,0.247352,0.266243,0.242592,0.264558,2685208598
1998-12-27,0.266243,0.30445,0.257561,0.295197,3492994916
1999-01-03,0.293345,0.312375,0.293345,0.307988,1924608497
1999-01-10,0.316918,0.352712,0.301041,0.33853,6906331797
1999-01-17,0.344295,0.355994,0.301041,0.310845,6123029024
1999-01-24,0.315391,0.318427,0.278955,0.29155,2681234349
1999-01-31,0.295197,0.3127,0.292121,0.309645,2242204107
1999-02-07,0.313585,0.315391,0.267199,0.27327,2570313849
1999-02-14,0.276,0.29913,0.270875,0.283468,3236461977
1999-02-21,0.292416,0.292416,0.267533,0.279578,1730494134
1999-02-28,0.28136,0.297632,0.259373,0.262093,2095196199
1999-03-07,0.262093,0.26566,0.243782,0.249519,2729031789
1999-03-14,0.250081,0.260931,0.240688,0.249519,2565448974
1999-03-21,0.250701,0.271387,0.247352,0.252151,2233378318
1999-03-28,0.255826,0.264558,0.244395,0.250081,2448454083
1999-04-04,0.252151,0.27927,0.251579,0.271387,2145452692
1999-04-11,0.270875,0.288268,0.270254,0.276541,2452215637
1999-04-18,0.263326,0.278955,0.258223,0.266578,4421830331
1999-04-25,0.26846,0.296724,0.252151,0.294673,4253502042
1999-05-02,0.297364,0.354495,0.295197,0.346077,7418055009
1999-05-09,0.3466,0.376156,0.321657,0.3452,4425286162
1999-05-16,0.351794,0.352988,0.32773,0.334065,2099250160
1999-05-23,0.329246,0.346077,0.319567,0.330477,2146063985
1999-05-30,0.328042,0.334065,0.307988,0.331582,1902251454
1999-06-06,0.33853,0.362369,0.331029,0.362072,2182802854
1999-06-13,0.362072,0.368635,0.347843,0.349401,1884387242
1999-06-20,0.349724,0.361738,0.339524,0.354495,1121447682
1999-06-27,0.353589,0.355402,0.316541,0.317232,1833825021
1999-07-04,0.319284,0.352988,0.319007,0.348483,1512241588
1999-07-11,0.345516,0.418296,0.344907,0.418296,4493965278
1999-07-18,0.417684,0.425835,0.386091,0.399316,3934191616
1999-07-25,0.40562,0.420198,0.384552,0.401127,2797604646
1999-08-01,0.397838,0.422169,0.382848,0.418927,2058603760
1999-08-08,0.418296,0.43637,0.39211,0.407219,2207804724
1999-08-15,0.408983,0.466417,0.403217,0.452059,2924674805
1999-08-22,0.450177,0.466417,0.437572,0.445083,2307573496
1999-08-29,0.446916,0.488966,0.446323,0.48725,2378671649
1999-09-05,0.488966,0.566072,0.466417,0.553162,5091474192
1999-09-12,0.555035,0.586175,0.553162,0.582529,3251574789
1999-09-19,0.579672,0.595243,0.555921,0.578687,2040101411
1999-09-26,0.579278,0.602732,0.474007,0.488375,8617193771
1999-10-03,0.499254,0.50221,0.432172,0.464368,5391883650
1999-10-10,0.469452,0.523892,0.469452,0.493244,3639271840
1999-10-17,0.496494,0.57021,0.479733,0.560947,5382712233
1999-10-24,0.555921,0.580951,0.514826,0.556216,4857883002
1999-10-31,0.558484,0.610023,0.551682,0.602732,2561341859
1999-11-07,0.601844,0.664623,0.581543,0.664325,2138766787
1999-11-14,0.660188,0.735182,0.652696,0.681967,3426137007
1999-11-21,0.674378,0.712912,0.662649,0.695467,1544913098
1999-11-28,0.690244,0.718627,0.665508,0.715277,1296966610
1999-12-05,0.70897,0.869507,0.701579,0.86527,3727875421
1999-12-12,0.861821,0.887737,0.744941,0.774801,3343275421
1999-12-19,0.770464,0.771056,0.685317,0.752528,3023473269
1999-12-26,0.74908,0.78653,0.727104,0.778743,1362641836
2000-01-02,0.785051,0.785642,0.714686,0.77342,1271539369
2000-01-09,0.788991,0.846053,0.714686,0.748881,3625833780
2000-01-16,0.767409,0.769184,0.650726,0.755584,3970637939
2000-01-23,0.759822,0.914151,0.755584,0.837479,4015896779
2000-01-30,0.815996,0.859158,0.75716,0.764651,2455046819
2000-02-06,0.759822,0.827524,0.710644,0.812742,2829770962
2000-02-13,0.812742,0.881333,0.796876,0.81836,1975157428
2000-02-20,0.822302,0.902225,0.817473,0.836887,2082156857
2000-02-27,0.82851,0.896115,0.80269,0.830287,1805048131
2000-03-05,0.82851,0.993578,0.815304,0.96303,2858840146
2000-03-12,0.948052,0.97141,0.889611,0.946279,1519219839
2000-03-19,0.918682,0.9516,0.85768,0.940464,2206555411
2000-03-26,0.929326,1.13116,0.915136,1.04334,2737046956
2000-04-02,1.03566,1.08908,0.943813,1.02156,1828840579
2000-04-09,1.0196,1.04945,0.878475,0.991313,2312571270
2000-04-16,0.99073,0.998802,0.788991,0.841717,3432942193
2000-04-23,0.82378,0.979687,0.820626,0.894244,2424289395
2000-04-30,0.86527,0.968746,0.863397,0.933565,2110508456
2000-05-07,0.939576,0.949825,0.831763,0.85098,1941582149
2000-05-14,0.843096,0.855219,0.743067,0.809983,2200029159
2000-05-21,0.813234,0.820626,0.702464,0.707195,3123494253
2000-05-28,0.705421,0.705421,0.624412,0.64974,3013756796
2000-06-04,0.6593,0.750557,0.604703,0.696353,3374298674
2000-06-11,0.702169,0.740998,0.674575,0.720499,1990283515
2000-06-18,0.724837,0.725525,0.663439,0.686205,1746191771
2000-06-25,0.681376,0.867142,0.67556,0.777461,2442466004
2000-07-02,0.789977,0.835113,0.768297,0.788104,1426515777
2000-07-09,0.784063,0.830287,0.746714,0.819049,1079006775
2000-07-16,0.814023,0.911983,0.808998,0.867929,1919085682
2000-07-23,0.876503,0.885865,0.778743,0.806041,2015245691
2000-07-30,0.790766,0.801212,0.705421,0.727104,1622471100
2000-08-06,0.739815,0.776674,0.665508,0.712912,1255555933
2000-08-13,0.720499,0.73814,0.685612,0.717445,1463806185
2000-08-20,0.716065,0.788991,0.696946,0.752528,1039151105
2000-08-27,0.755878,0.86527,0.746714,0.854922,1534924284
2000-09-03,0.861328,0.957218,0.858568,0.954556,1884473607
2000-09-10,0.942926,0.964805,0.869212,0.885865,1266322277
2000-09-17,0.883108,0.908434,0.81629,0.830877,1783043419
2000-09-24,0.83117,0.924401,0.752528,0.785051,2564172932
2000-10-01,0.793921,0.835113,0.381959,0.387655,11309918525
2000-10-08,0.401786,0.402694,0.315981,0.334065,8799445082
2000-10-15,0.340403,0.344295,0.287648,0.331896,5845933579
2000-10-22,0.335593,0.349724,0.275358,0.293345,5404743514
2000-10-29,0.304736,0.314131,0.263326,0.27927,4137171730
2000-11-05,0.287648,0.346077,0.282288,0.334676,3805925170
2000-11-12,0.337583,0.340403,0.286761,0.286761,2393266157
2000-11-19,0.282288,0.308481,0.274452,0.278324,2146549248
2000-11-26,0.279578,0.293345,0.274452,0.290517,1366549588
2000-12-03,0.29913,0.300055,0.242592,0.256714,2629143454
2000-12-10,0.258823,0.26243,0.210709,0.226626,3803020974
2000-12-17,0.228438,0.240688,0.210709,0.211608,2184756703
2000-12-24,0.219087,0.229295,0.205013,0.225689,2314259205
2000-12-31,0.223836,0.225689,0.213312,0.223836,1753807937
2001-01-07,0.223836,0.278324,0.217312,0.246404,2873341686
2001-01-14,0.254888,0.278324,0.23988,0.258823,3287981215
2001-01-21,0.26243,0.29433,0.248307,0.293345,3739127052
2001-01-28,0.286761,0.315092,0.277476,0.29433,3665323985
2001-02-04,0.29433,0.33853,0.29433,0.310205,3650151301
2001-02-11,0.308481,0.321953,0.28136,0.287648,2773400087
2001-02-18,0.286761,0.309368,0.278324,0.285913,1656305549
2001-02-25,0.288929,0.300055,0.270875,0.282857,1698247958
2001-03-04,0.286761,0.307625,0.258823,0.289569,2136015388
2001-03-11,0.29155,0.331896,0.289569,0.30445,2349230274
2001-03-18,0.296449,0.321657,0.27262,0.295197,2743533358
2001-03-25,0.297364,0.354495,0.29155,0.346077,3435447802
2001-04-01,0.347843,0.35752,0.317816,0.332204,3413576024
2001-04-08,0.332204,0.340943,0.282288,0.309645,2571423517
2001-04-15,0.311448,0.346306,0.30182,0.337307,1610435281
2001-04-22,0.332204,0.387655,0.294971,0.376767,5504658407
2001-04-29,0.366251,0.3955,0.353873,0.394153,2969488286
2001-05-06,0.401786,0.408098,0.360537,0.387655,2223004047
2001-05-13,0.38541,0.387655,0.342471,0.34395,1672043014
2001-05-20,0.344589,0.383684,0.342471,0.3542,1613711733
2001-05-27,0.355402,0.36292,0.33853,0.342471,1881575978
2001-06-03,0.335887,0.33853,0.290517,0.314452,2601449919
2001-06-10,0.317232,0.326554,0.305702,0.32079,1951883299
2001-06-17,0.316918,0.327119,0.291325,0.307625,2208888057
2001-06-24,0.30727,0.346077,0.300667,0.335001,2048342397
2001-07-01,0.33853,0.377703,0.337583,0.349724,2314518561
2001-07-08,0.355736,0.364774,0.326792,0.331582,946812495
2001-07-15,0.332204,0.37642,0.313585,0.374026,2697284265
2001-07-22,0.374364,0.379459,0.293067,0.300667,3998517663
2001-07-29,0.302194,0.308481,0.268784,0.285342,2061295361
2001-08-05,0.287648,0.299444,0.278631,0.293345,1448653384
2001-08-12,0.286464,0.296449,0.278955,0.286181,1106068992
2001-08-19,0.287354,0.291325,0.270254,0.272016,1379914672
2001-08-26,0.272944,0.280139,0.264558,0.279578,1328461731
2001-09-02,0.279861,0.290517,0.260024,0.27927,1392023389
2001-09-09,0.278324,0.287076,0.258823,0.260024,1462662901
2001-09-16,0.255826,0.263326,0.254547,0.261502,366529768
2001-09-23,0.240688,0.266578,0.22085,0.236837,2539835559
2001-09-30,0.242264,0.25341,0.224459,0.23324,2195636185
2001-10-07,0.23324,0.244395,0.223256,0.242829,2220385560
2001-10-14,0.23443,0.272016,0.23324,0.27114,1556742926
2001-10-21,0.269989,0.277183,0.255166,0.275358,1882938381
2001-10-28,0.274176,0.292121,0.267199,0.281113,2356055589
2001-11-04,0.279578,0.283765,0.256714,0.279578,1542680089
2001-11-11,0.283468,0.302767,0.278955,0.281657,1674821112
2001-11-18,0.280789,0.299444,0.270254,0.285342,1294786903
2001-11-25,0.285913,0.303917,0.285342,0.298528,1033395729
2001-12-02,0.300055,0.324467,0.29913,0.320505,1764175597
2001-12-09,0.316918,0.361738,0.309989,0.33918,1985013306
2001-12-16,0.335297,0.345843,0.302194,0.307032,1134167896
2001-12-23,0.307032,0.326182,0.303917,0.315981,1395771711
2001-12-30,0.314452,0.346077,0.314452,0.337307,816100415
2002-01-06,0.338854,0.3602,0.328329,0.356603,2004771755
2002-01-13,0.35689,0.361147,0.30445,0.316918,2402025538
2002-01-20,0.316307,0.342156,0.308481,0.333719,2697058369
2002-01-27,0.335001,0.353873,0.324792,0.349724,1543411088
2002-02-03,0.35211,0.386483,0.34188,0.383184,2094770807
2002-02-10,0.381082,0.39086,0.351794,0.361738,2705844183
2002-02-17,0.359856,0.379801,0.357226,0.359531,1728074957
2002-02-24,0.35752,0.359243,0.322584,0.342156,1814492070
2002-03-03,0.34395,0.371908,0.315092,0.352712,2994310735
2002-03-10,0.35002,0.377377,0.342471,0.371119,1634413802
2002-03-17,0.370192,0.378235,0.359243,0.375298,1395412885
2002-03-24,0.375298,0.380678,0.35002,0.362369,1969767437
2002-03-31,0.362369,0.362369,0.346077,0.356289,898184142
2002-04-07,0.351794,0.37919,0.350306,0.372214,1464736499
2002-04-14,0.363521,0.37919,0.357885,0.377043,1668035572
2002-04-21,0.377043,0.393865,0.373091,0.37589,2477170947
2002-04-28,0.373742,0.374974,0.346077,0.346306,1355922795
2002-05-05,0.348483,0.366813,0.347231,0.353873,1469322284
2002-05-12,0.351469,0.368982,0.333139,0.350887,1648556388
2002-05-19,0.353873,0.39086,0.3452,0.37642,1888733712
2002-05-26,0.369909,0.379801,0.350887,0.363158,1634606592
2002-06-02,0.356603,0.367653,0.350306,0.350593,1107710554
2002-06-09,0.35211,0.352712,0.31477,0.321953,2055951952
2002-06-16,0.323236,0.328654,0.272324,0.302488,2293763305
2002-06-23,0.30445,0.310205,0.252455,0.253709,3832389252
2002-06-30,0.252151,0.268155,0.240434,0.266578,2152337962
2002-07-07,0.266578,0.282288,0.252151,0.28197,1054516572
2002-07-14,0.278631,0.282602,0.255166,0.263621,1735066552
2002-07-21,0.262093,0.279861,0.218475,0.225059,3445104319
2002-07-28,0.222121,0.229029,0.207606,0.215794,2283874269
2002-08-04,0.217903,0.23324,0.214218,0.217312,1600379917
2002-08-11,0.218181,0.231445,0.210395,0.225689,1474705503
2002-08-18,0.224182,0.242264,0.2188,0.238117,1680496679
2002-08-25,0.237467,0.244395,0.232303,0.236837,1219016598
2002-09-01,0.23988,0.23988,0.218181,0.222121,1255442865
2002-09-08,0.218181,0.222417,0.211608,0.216397,1311820343
2002-09-15,0.21486,0.219696,0.211608,0.212957,1380107185
2002-09-22,0.212711,0.22695,0.212395,0.223551,1901228063
2002-09-29,0.222121,0.228438,0.216692,0.22152,1404963022
2002-10-06,0.216692,0.220258,0.210709,0.211046,1445715962
2002-10-13,0.210395,0.222417,0.200984,0.218181,1983431564
2002-10-20,0.219087,0.229295,0.209182,0.215794,1976147647
2002-10-27,0.214534,0.232303,0.210709,0.231986,1328621279
2002-11-03,0.234135,0.248307,0.225059,0.246119,1619732935
2002-11-10,0.248307,0.261502,0.233553,0.238343,1578581350
2002-11-17,0.236837,0.247054,0.227541,0.23988,1081405886
2002-11-24,0.243782,0.247352,0.225689,0.240985,1460456460
2002-12-01,0.24131,0.242829,0.229585,0.23324,1032398794
2002-12-08,0.239201,0.242264,0.218181,0.224762,1710290426
2002-12-15,0.224762,0.234135,0.220556,0.222417,1320067954
2002-12-22,0.222989,0.228438,0.20729,0.212711,1531654448
2002-12-29,0.212957,0.222989,0.210709,0.211608,392375807
2003-01-05,0.211882,0.224459,0.208257,0.224182,812524838
2003-01-12,0.226015,0.231445,0.217312,0.22152,1605557244
2003-01-19,0.224182,0.224182,0.211882,0.212138,1854646750
2003-01-26,0.213923,0.217017,0.204057,0.207606,1189528640
2003-02-02,0.20589,0.227277,0.205624,0.216091,2134991917
2003-02-09,0.217017,0.224459,0.211882,0.212957,1486628323
2003-02-16,0.214534,0.22152,0.211608,0.220556,1202375190
2003-02-23,0.222121,0.230174,0.220556,0.225689,1083599092
2003-03-02,0.223551,0.22695,0.207606,0.225689,1110142946
2003-03-09,0.225689,0.228145,0.21548,0.218475,899221026
2003-03-16,0.218181,0.225689,0.211608,0.222417,1194924995
2003-03-23,0.224182,0.228145,0.219696,0.225689,1462503631
2003-03-30,0.220556,0.223256,0.215183,0.219373,919557645
2003-04-06,0.215794,0.222121,0.211311,0.217017,1036958566
2003-04-13,0.223256,0.224762,0.19438,0.198639,2345466506
2003-04-20,0.206433,0.206975,0.191416,0.197445,2902870082
2003-04-27,0.197712,0.20531,0.195296,0.200716,1425047938
2003-05-04,0.200716,0.219373,0.200716,0.217312,2638604277
2003-05-11,0.222121,0.276856,0.222121,0.275358,6419735269
2003-05-18,0.272944,0.285913,0.269989,0.282857,2194231415
2003-05-25,0.278955,0.280472,0.264874,0.275674,1848105147
2003-06-01,0.270254,0.284385,0.263918,0.269989,1599649065
2003-06-08,0.272324,0.274717,0.256152,0.257874,1779273444
2003-06-15,0.254888,0.269989,0.250081,0.262093,1312069968
2003-06-22,0.264874,0.294971,0.26243,0.288929,1914371767
2003-06-29,0.290517,0.296449,0.278068,0.28197,1991432772
2003-07-06,0.281113,0.294005,0.278631,0.287648,1029292030
2003-07-13,0.289886,0.308481,0.287648,0.298803,1263897252
2003-07-20,0.301288,0.318709,0.29155,0.313882,2013092457
2003-07-27,0.311448,0.324792,0.305387,0.324181,1150848251
2003-08-03,0.323551,0.323551,0.303674,0.312078,1169511986
2003-08-10,0.309082,0.323551,0.292121,0.295482,1230990798
2003-08-17,0.298193,0.306056,0.292745,0.297059,1071977594
2003-08-24,0.298803,0.331029,0.296724,0.314131,1312631504
2003-08-31,0.3127,0.34395,0.306354,0.340123,1318781413
2003-09-07,0.340943,0.350887,0.337001,0.33853,1137196094
2003-09-14,0.338203,0.348197,0.332517,0.347526,1146866711
2003-09-21,0.347526,0.347526,0.32892,0.339842,1476461594
2003-09-28,0.333719,0.33853,0.30304,0.311448,1821252345
2003-10-05,0.323236,0.32892,0.303917,0.326554,1650665023
2003-10-12,0.326182,0.358181,0.324792,0.356289,1943640804
2003-10-19,0.357226,0.37642,0.337307,0.342471,2970778092
2003-10-26,0.340123,0.35211,0.334676,0.340123,1189458470
2003-11-02,0.342471,0.361147,0.337001,0.344589,1375600440
2003-11-09,0.343359,0.350593,0.337583,0.33853,1758732042
2003-11-16,0.337583,0.34188,0.320208,0.32286,1423861291
2003-11-23,0.321363,0.321657,0.298803,0.305092,1570709678
2003-11-30,0.308481,0.319865,0.30445,0.31477,1156540286
2003-12-07,0.316541,0.329571,0.312078,0.313882,1350404044
2003-12-14,0.3127,0.321085,0.300341,0.314452,1104631781
2003-12-21,0.323236,0.323236,0.295197,0.296449,2161807197
2003-12-28,0.295482,0.31477,0.289569,0.3127,1147275597
2004-01-04,0.31477,0.327382,0.313882,0.320208,898860331
2004-01-11,0.322248,0.36292,0.322248,0.346077,2823352067
2004-01-18,0.348483,0.373742,0.33853,0.34188,3771040936
2004-01-25,0.341241,0.345516,0.333719,0.339524,1156877181
2004-02-01,0.337879,0.351794,0.334065,0.339524,1485510680
2004-02-08,0.337879,0.344907,0.326554,0.34188,1566509452
2004-02-15,0.340403,0.362625,0.337583,0.346077,1533429738
2004-02-22,0.347526,0.355736,0.334359,0.337001,1083821433
2004-02-29,0.337583,0.361463,0.329571,0.359856,1657548292
2004-03-07,0.362369,0.413535,0.355106,0.402411,3566027680
2004-03-14,0.402983,0.423382,0.387655,0.414727,3647520610
2004-03-21,0.406903,0.411693,0.382247,0.389154,2640934769
2004-03-28,0.381959,0.411693,0.379459,0.406903,2631839489
2004-04-04,0.412305,0.421025,0.400497,0.413851,1981805001
2004-04-11,0.413535,0.426988,0.405011,0.414414,1352553404
2004-04-18,0.413851,0.445083,0.395778,0.43904,4118798968
2004-04-25,0.423104,0.432752,0.407219,0.4167,2436623918
2004-05-02,0.415025,0.415863,0.383398,0.387913,1985996549
2004-05-09,0.391156,0.415025,0.383684,0.401464,1777396884
2004-05-16,0.395167,0.417043,0.390298,0.407219,1528820415
2004-05-23,0.401786,0.413851,0.396585,0.40786,1493269711
2004-05-30,0.409831,0.433069,0.40786,0.422169,1494653243
2004-06-06,0.41801,0.439948,0.415301,0.433069,1365824617
2004-06-13,0.436952,0.465867,0.433384,0.462526,1564511956
2004-06-20,0.461017,0.502508,0.443869,0.495017,3033557098
2004-06-27,0.498368,0.508716,0.48327,0.506843,2038310191
2004-07-04,0.509994,0.514137,0.447556,0.467641,3250301519
2004-07-11,0.467954,0.472765,0.450471,0.452059,1411313438
2004-07-18,0.451772,0.505956,0.432448,0.484502,4652291331
2004-07-25,0.482077,0.492228,0.458672,0.461905,2095725125
2004-08-01,0.464368,0.496494,0.463167,0.486631,1862346779
2004-08-08,0.470073,0.486,0.446916,0.448105,1886954890
2004-08-15,0.449241,0.474577,0.448334,0.464102,1802133188
2004-08-22,0.464653,0.479447,0.456751,0.463481,2170612827
2004-08-29,0.463481,0.529412,0.460497,0.516896,2942099885
2004-09-05,0.511671,0.541729,0.510783,0.530003,2150868932
2004-09-12,0.532761,0.550402,0.530003,0.539563,1703487543
2004-09-19,0.539563,0.562427,0.523301,0.558779,2107870676
2004-09-26,0.555329,0.584597,0.554148,0.560947,2136557625
2004-10-03,0.556216,0.591103,0.554148,0.581938,2272509757
2004-10-10,0.589527,0.615741,0.577701,0.587754,2625745480
2004-10-17,0.58381,0.688568,0.566465,0.684726,6835830787
2004-10-24,0.673786,0.727596,0.672605,0.713109,4544087613
2004-10-31,0.710053,0.80062,0.706602,0.7884,4575419472
2004-11-07,0.789977,0.843886,0.782882,0.823286,5543981042
2004-11-14,0.81688,0.837774,0.80328,0.835113,2747134314
2004-11-21,0.828807,0.856104,0.815996,0.830287,2724931683
2004-11-28,0.873154,0.989543,0.87128,0.971111,6435528132
2004-12-05,1.03844,1.04662,0.929326,0.943222,6849420753
2004-12-12,0.966579,1.00431,0.933565,0.980277,5359385019
2004-12-19,0.98915,1.01555,0.971999,0.977616,3740529367
2004-12-26,0.987078,0.992982,0.926962,0.963425,3614913221
2005-01-02,0.974463,0.980277,0.933565,0.969045,2664916817
2005-01-09,0.975842,1.0474,0.942039,1.04185,6423138438
2005-01-16,1.05163,1.11983,0.952388,1.05626,13343150239
2005-01-23,1.05261,1.07734,1.04127,1.06049,4257004478
2005-01-30,1.07014,1.11312,1.06139,1.11312,4576611006
2005-02-06,1.12534,1.20222,1.1212,1.18625,5558080170
2005-02-13,1.18871,1.23364,1.15342,1.22173,5819238837
2005-02-20,1.24499,1.36739,1.23454,1.30638,9393508747
2005-02-27,1.30057,1.3527,1.28331,1.33901,5939622927
2005-03-06,1.34392,1.35831,1.24045,1.28825,4448300682
2005-03-13,1.28825,1.30165,1.16861,1.21187,4983942060
2005-03-20,1.21926,1.30736,1.1893,1.29289,4245068662
2005-03-27,1.30372,1.32324,1.2646,1.27879,2440051115
2005-04-03,1.28648,1.29289,1.22084,1.23059,2855198602
2005-04-10,1.22745,1.33773,1.20863,1.31623,3218042381
2005-04-17,1.33133,1.33163,1.06179,1.06385,9140037347
2005-04-24,1.05537,1.13578,1.02304,1.06829,5901727825
2005-05-01,1.09815,1.12869,1.05981,1.08503,4061925327
2005-05-08,1.09085,1.12336,1.08385,1.12061,2527069215
2005-05-15,1.1212,1.12703,0.996336,1.04632,5375450981
2005-05-22,1.04334,1.13382,1.03923,1.12987,3498950838
2005-05-29,1.14325,1.23197,1.13915,1.22055,3435909846
2005-06-05,1.22477,1.22665,1.13666,1.15075,2599035763
2005-06-12,1.15591,1.1625,1.06888,1.07764,3609800755
2005-06-19,1.0807,1.15981,1.07588,1.15283,2966993009
2005-06-26,1.14063,1.19717,1.12486,1.13636,2629426254
2005-07-03,1.10948,1.14644,1.087,1.09845,2463030439
2005-07-10,1.10159,1.15193,1.09845,1.15103,1814174925
2005-07-17,1.15471,1.2643,1.13696,1.25031,5139033550
2005-07-24,1.24881,1.3254,1.23613,1.32421,2872376233
2005-07-31,1.32481,1.33565,1.27189,1.28331,1976265123
2005-08-07,1.28185,1.30904,1.2646,1.29368,1650015979
2005-08-14,1.29396,1.39095,1.28215,1.38717,2531495750
2005-08-21,1.40108,1.4544,1.37685,1.3792,3508929178
2005-08-28,1.38936,1.41793,1.36195,1.37646,2127588331
2005-09-04,1.36373,1.41952,1.36195,1.39095,2084007080
2005-09-11,1.40513,1.54527,1.40088,1.54409,3677729156
2005-09-18,1.54061,1.55374,1.48446,1.54101,2866540400
2005-09-25,1.5363,1.61927,1.5363,1.60095,3631280302
2005-10-02,1.63051,1.64204,1.52241,1.61326,3775421807
2005-10-09,1.62992,1.66569,1.52112,1.54369,3670317285
2005-10-16,1.56182,1.63573,1.4405,1.62489,8683757619
2005-10-23,1.62489,1.71478,1.54101,1.67486,5205276317
2005-10-30,1.67151,1.7322,1.63022,1.63938,3432844845
2005-11-06,1.66235,1.8753,1.64767,1.84023,5126035069
2005-11-13,1.83126,1.869,1.77596,1.85185,3247317928
2005-11-20,1.85185,1.98262,1.83302,1.94273,3434127973
2005-11-27,1.95081,2.09271,1.91768,2.08669,2293172571
2005-12-04,2.12858,2.18879,2.02687,2.18554,4996478326
2005-12-11,2.16573,2.25168,2.15153,2.23631,4095586437
2005-12-18,2.2559,2.27139,2.11488,2.13982,4384711188
2005-12-25,2.13745,2.24143,2.13745,2.20723,2468797858
2006-01-01,2.22871,2.26251,2.11696,2.16347,2494796299
2006-01-08,2.17913,2.30814,2.17442,2.29555,3056377033
2006-01-15,2.31111,2.60024,2.27936,2.57543,7716321134
2006-01-22,2.57661,2.59944,2.28203,2.28923,5767812146
2006-01-29,2.29137,2.39417,2.13933,2.16762,6656497771
2006-02-05,2.14494,2.30489,2.13233,2.16189,5013551636
2006-02-12,2.17175,2.18191,1.89285,2.02569,8189050272
2006-02-19,2.00166,2.13665,1.94518,2.11538,5595077795
2006-02-26,2.12532,2.19677,2.0465,2.15065,3736922448
2006-03-05,2.16732,2.17883,2.0323,2.03804,4963143997
2006-03-12,2.03446,2.03804,1.87934,1.90152,5077860026
2006-03-19,1.95937,2.04765,1.9294,1.94587,4694806718
2006-03-26,1.96252,1.9699,1.77656,1.80436,6874632910
2006-04-02,1.81253,1.91425,1.73547,1.88752,8322687843
2006-04-09,1.91571,2.1683,1.83727,2.1003,9713183613
2006-04-16,2.11399,2.1341,1.98047,1.99989,3936256288
2006-04-23,2.00136,2.10669,1.9364,2.01742,5987960222
2006-04-30,2.01367,2.14564,1.9712,2.11823,4214270125
2006-05-07,2.12957,2.19343,2.08119,2.16347,4309381662
2006-05-14,2.19363,2.22121,2.01189,2.03744,3605588340
2006-05-21,2.01988,2.05782,1.89049,1.94125,4574494598
2006-05-28,1.91997,1.96192,1.85244,1.91217,3827359739
2006-06-04,1.90005,1.90498,1.76623,1.85561,4120127724
2006-06-11,1.84023,1.85244,1.71989,1.78286,5048080001
2006-06-18,1.78869,1.79774,1.706,1.7322,5582002383
2006-06-25,1.73919,1.81077,1.71547,1.77045,4587490566
2006-07-02,1.7804,1.78227,1.66756,1.72345,4123538572
2006-07-09,1.7257,1.75085,1.64518,1.66726,2545699319
2006-07-16,1.67703,1.70011,1.5094,1.52486,5367923496
2006-07-23,1.55433,1.85342,1.55433,1.82731,7451803064
2006-07-30,1.84199,1.97662,1.81846,1.97387,4315882181
2006-08-06,2.01101,2.10669,1.95484,2.05526,5753005356
2006-08-13,2.03902,2.09448,1.88331,1.91541,5546594376
2006-08-20,1.92398,2.06609,1.91396,2.04383,4121348259
2006-08-27,2.02569,2.07784,1.99061,2.06877,3365765990
2006-09-03,2.0596,2.06579,1.95967,2.05782,3974266361
2006-09-10,2.07084,2.21423,2.06286,2.1822,4925098975
2006-09-17,2.1822,2.2561,2.14928,2.23009,6602082009
2006-09-24,2.22121,2.28875,2.18417,2.19677,4387388668
2006-10-01,2.22121,2.34096,2.21887,2.31672,4629942167
2006-10-08,2.25709,2.29137,2.20133,2.23344,4120881847
2006-10-15,2.22121,2.31405,2.18466,2.25759,3344603824
2006-10-22,2.25878,2.40639,2.22467,2.40551,5063205578
2006-10-29,2.40688,2.48604,2.40009,2.41969,3331293254
2006-11-05,2.40688,2.45833,2.34115,2.35595,2978507147
2006-11-12,2.37791,2.54838,2.36018,2.50149,3493349724
2006-11-19,2.50407,2.59699,2.48731,2.58329,3387103301
2006-11-26,2.57017,2.8009,2.56388,2.75802,2825851356
2006-12-03,2.78255,2.80307,2.69368,2.74767,5854529585
2006-12-10,2.7659,2.77844,2.61502,2.65534,4508073388
2006-12-17,2.67466,2.70875,2.57423,2.63987,4701074312
2006-12-24,2.63987,2.64874,2.45605,2.47352,4409842937
2006-12-31,2.47123,2.57017,2.31072,2.55286,5484699225
2007-01-07,2.59652,2.60557,2.46404,2.55995,3465334869
2007-01-14,2.58754,2.9433,2.56288,2.84751,11678352685
2007-01-21,2.88043,2.93689,2.65178,2.66243,7826424266
2007-01-28,2.68322,2.68342,2.55797,2.56968,6492649910
2007-02-04,2.59552,2.60782,2.51825,2.54988,4294606117
2007-02-11,2.53729,2.60389,2.4939,2.50602,4804552330
2007-02-18,2.54051,2.57708,2.51658,2.55266,3056497036
2007-02-25,2.54478,2.73318,2.53292,2.68056,3713350978
2007-03-04,2.70401,2.70875,2.49784,2.57047,5881966576
2007-03-11,2.58291,2.67741,2.58074,2.64776,3734709959
2007-03-18,2.64874,2.7262,2.64638,2.69633,4182602733
2007-03-25,2.71534,2.83944,2.69633,2.8143,3448447442
2007-04-01,2.82927,2.91383,2.77545,2.79607,4823519177
2007-04-08,2.83293,2.86564,2.7992,2.84937,2276359446
2007-04-15,2.86514,2.86761,2.70994,2.71534,3196602121
2007-04-22,2.7262,2.77774,2.69662,2.73812,3293396938
2007-04-29,2.75832,3.08481,2.74717,3.00734,6479292813
2007-05-06,3.0113,3.05702,2.96626,3.03376,3100187343
2007-05-13,3.04126,3.28428,3.03947,3.27234,4998322679
2007-05-20,3.30132,3.32912,3.11173,3.31068,4855418763
2007-05-27,3.31896,3.46077,3.31147,3.4193,4324437091
2007-06-03,3.44767,3.67523,3.39131,3.56289,5109356322
2007-06-10,3.57026,3.83982,3.5479,3.74646,7212365415
2007-06-17,3.7919,3.79626,3.47231,3.62625,8078247534
2007-06-24,3.7107,3.76688,3.63237,3.70192,5043713204
2007-07-01,3.73712,3.76401,3.57273,3.67208,6236024826
2007-07-08,3.64477,4.01267,3.58959,3.98151,5320251627
2007-07-15,3.98151,4.14906,3.87685,4.14512,5554701323
2007-07-22,4.16925,4.33927,4.09417,4.32634,5098711356
2007-07-29,4.31581,4.48135,4.03691,4.32901,9106431628
2007-08-05,4.34171,4.3774,3.84474,3.96742,7294517481
2007-08-12,3.99936,4.13034,3.62072,3.76156,6188274317
2007-08-19,3.8671,3.89292,3.35917,3.67256,6571634668
2007-08-26,3.73091,4.07437,3.62625,4.07219,5849693942
2007-09-02,4.01563,4.20375,3.81092,4.16651,6359030236
2007-09-09,4.21292,4.38843,3.91156,3.96516,8260672731
2007-09-16,4.12285,4.19557,4.02527,4.17714,5626874143
2007-09-23,4.18266,4.35297,4.14137,4.33848,5585489282
2007-09-30,4.41326,4.66417,4.41326,4.61806,5318586728
2007-10-07,4.65322,4.86247,4.60269,4.85852,4642322148
2007-10-14,4.90976,5.17209,4.61037,5.03346,6198948117
2007-10-21,5.05502,5.25566,4.92039,5.12833,6382273104
2007-10-28,5.12036,5.67561,5.11475,5.55852,7530547186
2007-11-04,5.58857,5.72153,5.41681,5.65371,4887014997
2007-11-11,5.57586,5.7981,4.97154,4.97698,7313217888
2007-11-18,4.96494,5.34347,4.5334,5.00722,9278879966
2007-11-25,4.99649,5.18659,4.87842,5.16234,5196017655
2007-12-02,5.23281,5.649,5.11641,5.48342,7123685386
2007-12-09,5.47062,5.86826,5.32691,5.84727,5446549094
2007-12-16,5.82539,6.01834,5.58985,5.72931,5448955171
2007-12-23,5.73945,5.83595,5.37424,5.83595,5737791271
2007-12-30,5.86856,6.10802,5.86204,6.01344,3169556223
2008-01-06,6.01065,6.03333,5.38359,5.41837,4641982442
2008-01-13,5.45495,5.52471,5.06449,5.19724,9632352961
2008-01-20,5.34447,5.39926,4.71611,4.85603,10832221899
2008-01-27,4.45083,4.81457,3.79586,3.91205,11061941027
2008-02-03,3.85183,4.112,3.80581,4.02527,7319399514
2008-02-10,4.03906,4.08983,3.52869,3.77653,8359972564
2008-02-17,3.85341,3.94153,3.71986,3.75074,6224653115
2008-02-24,3.79309,3.81488,3.48719,3.59403,5264079782
2008-03-02,3.5687,3.97818,3.47378,3.76205,8395354584
2008-03-09,3.74364,3.83684,3.55106,3.67799,8661856728
2008-03-16,3.67503,3.9211,3.59154,3.81023,6698336669
2008-03-23,3.68882,4.04084,3.68803,4.01029,4978715275
2008-03-30,4.03394,4.38588,4.02233,4.30379,5950081959
2008-04-06,4.30959,4.6554,4.28841,4.60663,5632442882
2008-04-13,4.70013,4.80512,4.40559,4.42784,6177043741
2008-04-20,4.41346,4.88337,4.34979,4.84602,4823444201
2008-04-27,4.8859,5.14965,4.7572,5.10803,7912251140
2008-05-04,5.10873,5.47356,5.08991,5.44547,5631761207
2008-05-11,5.47356,5.66426,5.44894,5.52059,4799885799
2008-05-18,5.57387,5.78519,5.50274,5.64632,4976851242
2008-05-25,5.6545,5.67846,5.17635,5.45228,6153691389
2008-06-01,5.50137,5.70408,5.4713,5.68011,3309318921
2008-06-08,5.67293,5.71657,5.48787,5.58692,4598752953
2008-06-15,5.56513,5.6205,4.97501,5.18709,7880376692
2008-06-22,5.15407,5.48787,5.08816,5.2748,5270671674
2008-06-29,5.25983,5.38212,4.94043,5.1182,4531785481
2008-07-06,5.11691,5.34003,4.93547,5.11937,3745021335
2008-07-13,5.20592,5.44427,5.14648,5.19397,5188010282
2008-07-20,5.39393,5.39583,4.96494,4.96941,5092677659
2008-07-27,5.02259,5.06647,4.41002,4.87891,6743029792
2008-08-03,4.88078,4.88888,4.62378,4.71464,3999375472
2008-08-10,4.71247,5.10519,4.60229,5.10194,4101520087
2008-08-17,5.11937,5.4311,5.10578,5.28811,4732700150
2008-08-24,5.27696,5.35058,5.17014,5.32042,3148812068
2008-08-31,5.29362,5.30367,5.08696,5.10124,2891453184
2008-09-07,5.19271,5.22099,4.74449,4.82028,3613188500
2008-09-14,4.95195,4.9615,4.39356,4.48185,5963780651
2008-09-21,4.27284,4.444,3.63138,4.2406,7622133889
2008-09-28,4.2069,4.22001,3.70192,3.85863,6301316416
2008-10-05,3.59531,3.60122,2.8484,2.92025,11208714813
2008-10-12,2.76856,3.05358,2.55826,2.91325,11902021167
2008-10-19,3.15361,3.50306,2.58485,2.93077,10488856256
2008-10-26,3.00272,3.04598,2.7117,2.9012,10806705800
2008-11-02,2.86101,3.37564,2.76463,3.23826,9589520568
2008-11-09,3.18739,3.364,2.88043,2.95611,7271280445
2008-11-16,3.01868,3.02194,2.58893,2.71534,8048855421
2008-11-23,2.66243,2.75634,2.38207,2.48554,8103012785
2008-11-30,2.56152,2.86614,2.55286,2.78857,4602533253
2008-12-07,2.74817,2.89659,2.6034,2.82857,6581373861
2008-12-14,2.92221,3.11793,2.78404,2.9571,6416860209
2008-12-21,2.88879,2.90448,2.64941,2.70875,5856934169
2008-12-28,2.70875,2.70944,2.54418,2.58223,2444067094
2009-01-04,2.60713,2.74008,2.54918,2.73122,3567315241
2009-01-11,2.80189,2.92319,2.70974,2.72541,5260925409
2009-01-18,2.72165,2.73889,2.40857,2.47745,6291928744
2009-01-25,2.46632,2.70875,2.35338,2.65829,4893647374
2009-02-01,2.67466,2.85913,2.6566,2.7124,4039881343
2009-02-08,2.67858,3.01011,2.67543,3.00104,3980672289
2009-02-15,3.01011,3.09989,2.88161,2.9839,4310714961
2009-02-22,2.91826,2.91925,2.67858,2.74462,3552804411
2009-03-01,2.75704,2.79636,2.60389,2.68804,4327435128
2009-03-08,2.64854,2.79172,2.47745,2.56714,4676127368
2009-03-15,2.5292,2.92416,2.48534,2.88712,4460714089
2009-03-22,2.90546,3.11369,2.8339,3.05683,4244585687
2009-03-29,3.09003,3.30951,3.06194,3.21499,3634661416
2009-04-05,3.13292,3.49498,3.08787,3.49064,3683496353
2009-04-12,3.45939,3.61147,3.40914,3.59787,2583842189
2009-04-19,3.61147,3.73868,3.48354,3.71516,2783122766
2009-04-26,3.66458,3.82848,3.5689,3.72825,3965706237
2009-05-03,3.6979,3.85015,3.69199,3.82945,2715969285
2009-05-10,3.85745,4.01786,3.79998,3.88802,2942419460
2009-05-17,3.83035,3.94033,3.59174,3.68372,2868641187
2009-05-24,3.72628,3.89174,3.65838,3.68635,2281285441
2009-05-31,3.75693,4.08983,3.74844,4.08688,2636228268
2009-06-07,4.10323,4.40559,4.09278,4.35336,3139042514
2009-06-14,4.33069,4.35019,4.09417,4.12206,4010399267
2009-06-21,4.09198,4.19902,4.04794,4.19834,3283106760
2009-06-28,4.23163,4.32023,3.99886,4.28635,3381027196
2009-07-05,4.3168,4.35336,4.2072,4.21362,2118297725
2009-07-12,4.1734,4.20424,4.04479,4.1677,2753631866
2009-07-19,4.19931,4.5744,4.13959,4.56633,2737128437
2009-07-26,4.60838,4.81486,4.50641,4.81486,4060570479
2009-08-02,4.81486,4.96494,4.73268,4.91696,2454397798
2009-08-09,4.96941,5.03818,4.90738,4.9809,2301145243
2009-08-16,4.97748,5.07512,4.8717,5.01867,2188739742
2009-08-23,4.92357,5.09732,4.79772,5.09286,2512086904
2009-08-30,5.11613,5.19073,4.95974,5.11721,2296142384
2009-09-06,5.05819,5.13681,4.93943,5.12473,2148571366
2009-09-13,5.18877,5.25075,5.10686,5.18057,2330513988
2009-09-20,5.14167,5.6207,5.12313,5.56778,3438348545
2009-09-27,5.55104,5.68457,5.45988,5.48874,2824175238
2009-10-04,5.53162,5.63944,5.43818,5.56445,2726669486
2009-10-11,5.60376,5.76122,5.54511,5.73196,2636183168
2009-10-18,5.74694,5.78756,5.65291,5.65943,2148457326
2009-10-25,5.65291,6.28138,5.58424,6.1373,5271179347
2009-11-01,6.13071,6.22205,5.5993,5.67293,3967513533
2009-11-08,5.71266,5.87407,5.58494,5.84826,2799169696
2009-11-15,5.92678,6.16963,5.90631,6.15229,2457270027
2009-11-22,6.18244,6.25893,5.95105,6.01589,2608509565
2009-11-29,6.11247,6.19898,5.97017,6.03658,1629182451
2009-12-06,6.04713,6.10213,5.72595,5.8172,3410734195
2009-12-13,5.8172,6.0093,5.67816,5.85832,3561844873
2009-12-20,5.88196,5.94393,5.74793,5.88127,2680225805
2009-12-27,5.89822,6.3001,5.88847,6.29063,2139836746
2010-01-03,6.35381,6.43839,6.26867,6.3413,2194408854
2010-01-10,6.42488,6.48813,6.29093,6.37983,3045883257
2010-01-17,6.40911,6.40978,6.14214,6.19663,3186699272
2010-01-24,6.27134,6.48657,5.93242,5.95055,3351465981
2010-01-31,6.1041,6.43129,5.72496,5.77948,8351256978
2010-02-07,5.79563,6.02505,5.74351,5.88196,4349807206
2010-02-14,5.88867,6.06773,5.83869,6.02989,3170509642
2010-02-21,6.0773,6.14805,6.04546,6.06882,2151606196
2010-02-28,6.09236,6.17417,5.88945,6.15751,3082636724
2010-03-07,6.1914,6.61123,6.18303,6.58897,3256407944
2010-03-14,6.6197,6.85267,6.55773,6.81917,3281381282
2010-03-21,6.78636,6.81454,6.62828,6.6887,2718097866
2010-03-28,6.63556,6.97952,6.62532,6.94906,3368847122
2010-04-04,7.00907,7.18491,6.97004,7.10103,2473919628
2010-04-11,7.07185,7.28009,7.06515,7.27626,3158404139
2010-04-18,7.31015,7.55692,7.25585,7.44486,2571698930
2010-04-25,7.41905,8.19049,7.27546,8.14989,4573310708
2010-05-02,8.1844,8.19946,7.71637,7.85731,3612158403
2010-05-09,7.95724,8.06169,5.99597,7.09807,5948940713
2010-05-16,7.55809,7.97458,7.47975,7.63793,4557822997
2010-05-23,7.64856,7.78072,6.96227,7.29212,6013823374
2010-05-30,7.44082,7.80654,7.13778,7.73007,4894121402
2010-06-06,7.81551,8.00384,7.66285,7.70266,3520830012
2010-06-13,7.77521,7.79835,7.28848,7.62896,4813778082
2010-06-20,7.70662,8.27603,7.64374,8.24736,4299915840
2010-06-27,8.35822,8.39655,7.99921,8.02611,4173614802
2010-07-04,8.0343,8.11785,7.31882,7.43107,4949036890
2010-07-11,7.43107,7.91129,7.40869,7.81314,2892539324
2010-07-18,7.78005,7.88009,7.41608,7.52076,5245557472
2010-07-25,7.51522,7.97881,7.21092,7.82281,5273258916
2010-08-01,7.82398,8.00562,7.67105,7.74159,3095315472
2010-08-08,7.83739,7.95348,7.75313,7.82733,2369659824
2010-08-15,7.86891,7.88971,7.40712,7.4964,2682554457
2010-08-22,7.45551,7.66413,7.42103,7.51228,2240086004
2010-08-29,7.57645,7.58412,7.0892,7.2719,3113156697
2010-09-05,7.24432,7.78724,7.23318,7.78684,2887741948
2010-09-12,7.71981,8.0211,7.71175,7.92658,2009377110
2010-09-19,8.00414,8.36434,7.99074,8.28679,2972665646
2010-09-26,8.30896,8.83393,8.30177,8.79698,3966733296
2010-10-03,8.84735,8.86873,8.27603,8.50241,3686763724
2010-10-10,8.47737,8.86183,8.3589,8.85028,3165661724
2010-10-17,8.87088,9.48052,8.80181,9.47264,3508200817
2010-10-24,9.58399,9.59978,9.02886,9.25288,4678070938
2010-10-31,9.30313,9.37803,9.05411,9.05753,2540768564
2010-11-07,9.10741,9.63625,9.09409,9.54261,2804765114
2010-11-14,9.54261,9.66874,9.13728,9.26914,2610196653
2010-11-21,9.28332,9.34551,8.96037,9.23099,2866107618
2010-11-28,9.2301,9.56035,9.20476,9.48052,1852094062
2010-12-05,9.51698,9.59978,9.35546,9.55246,2619323287
2010-12-12,9.58499,9.74956,9.54161,9.64705,2030677286
2010-12-19,9.7604,9.78111,9.59978,9.64805,2269828491
2010-12-26,9.67171,9.8008,9.5771,9.7387,1339500867
2011-01-02,9.72591,9.83036,9.66874,9.70719,1114121421
2011-01-09,9.77419,10.1222,9.77419,10.1162,1918620691
2011-01-16,10.197,10.4847,10.1477,10.4847,2131994285
2011-01-23,9.8422,10.4896,9.80868,9.83136,5354728528
2011-01-30,9.8422,10.401,9.83136,10.1152,2965812244
2011-02-06,10.1092,10.4334,10.0619,10.4275,2107094260
2011-02-13,10.472,10.8327,10.4622,10.74,3133889894
2011-02-20,10.738,10.9815,10.5173,10.5489,2861070729
2011-02-27,10.2886,10.4837,10.1624,10.4759,2871654052
2011-03-06,10.5676,10.8415,10.4622,10.8327,2860034524
2011-03-13,10.8818,10.8838,10.3804,10.5932,2767015577
2011-03-20,10.6188,10.7282,9.81756,9.95066,4415667439
2011-03-27,10.1162,10.5942,10.0896,10.5792,2332088228
2011-04-03,10.6306,10.6632,10.333,10.3705,1995402761
2011-04-10,10.3705,10.3715,10.0501,10.0836,2484519325
2011-04-17,10.0689,10.1162,9.83432,9.85501,2284096333
2011-04-24,9.81164,10.6869,9.63525,10.5537,2919115767
2011-05-01,10.5479,10.6829,10.3981,10.5361,2757448966
2011-05-08,10.5232,10.5872,10.3972,10.4314,2089708043
2011-05-15,10.4692,10.5321,10.2423,10.2473,1743849261
2011-05-22,10.207,10.3044,9.95265,10.0886,2176678680
2011-05-29,9.93181,10.1881,9.91313,10.1535,1689742604
2011-06-05,10.2719,10.5961,10.262,10.3369,1924804104
2011-06-12,10.4039,10.4424,9.79488,9.80672,2412400494
2011-06-19,9.84615,10.0296,9.57907,9.63819,2588971957
2011-06-26,9.54851,10.0266,9.34453,9.82051,2990831434
2011-07-03,9.85894,10.3378,9.8481,10.331,2074261511
2011-07-10,10.3223,10.8327,10.3073,10.8248,2001927368
2011-07-17,10.7282,10.9845,10.4896,10.9825,2606185776
2011-07-24,10.998,11.9257,10.9941,11.8348,3980498388
2011-07-31,11.7422,12.1719,11.5561,11.7512,3497705157
2011-08-07,11.9766,12.0222,10.9115,11.2436,4808322160
2011-08-14,10.8759,11.425,10.6236,11.3442,5184759540
2011-08-21,11.426,11.5854,10.7124,10.7134,3588986050
2011-08-28,10.9747,11.5501,10.6859,11.5432,3900955847
2011-09-04,11.6821,11.7993,11.1904,11.2554,2523256587
2011-09-11,11.0477,11.6959,11.0289,11.3597,2181418721
2011-09-18,11.2396,12.0525,11.1924,12.0525,3028867457
2011-09-25,11.9453,12.7267,11.893,12.1669,4406478374
2011-10-02,12.0408,12.3157,11.4704,11.4742,3644419499
2011-10-09,11.4474,11.5796,10.6602,11.1283,4786717529
2011-10-16,11.4113,12.7011,11.3815,12.7011,3159836671
2011-10-23,12.6832,12.8401,11.759,11.8231,4534101951
2011-10-30,11.9197,12.3088,11.8299,12.1857,2615597873
2011-11-06,12.102,12.3177,11.8319,12.0447,2358485727
2011-11-13,12.0348,12.2775,11.4444,11.5749,3114879838
2011-11-20,11.5591,11.7717,11.281,11.283,2448696771
2011-11-27,11.1419,11.3736,10.9341,10.9419,1826719781
2011-12-04,11.2052,11.8448,11.141,11.7274,2242665267
2011-12-11,11.8398,11.9287,11.6399,11.8448,1919899674
2011-12-18,11.7866,11.8979,11.3656,11.4654,2042362883
2011-12-25,11.5093,12.1443,11.4514,12.1364,1547870412
2012-01-01,12.1314,12.3118,12.0525,12.1866,1054179156
2012-01-08,12.3345,12.7237,12.3088,12.7131,1366703052
2012-01-15,12.8036,12.8715,12.5987,12.6341,1549676062
2012-01-22,12.7651,12.9809,12.6321,12.649,1417349515
2012-01-29,12.7199,13.6759,12.6262,13.46,2884977109
2012-02-05,13.4146,13.8426,13.4038,13.8327,1796483341
2012-02-12,13.794,14.9756,13.789,14.8486,2951462892
2012-02-19,15.0397,15.837,14.6446,15.1096,4702218219
2012-02-26,15.2594,15.7373,15.1698,15.7228,2457110865
2012-03-04,15.6833,16.4983,15.5364,16.4088,3811129944
2012-03-11,16.4167,16.4846,15.5344,16.4088,3805407233
2012-03-18,16.5207,18.0564,16.4608,17.6216,5343005236
2012-03-25,18.0071,18.347,17.5143,17.9381,4054665040
2012-04-01,18.0485,18.7018,17.9134,18.0416,3791065309
2012-04-08,18.1097,19.0999,18.0671,19.0586,2980756258
2012-04-15,18.8427,19.3789,18.1617,18.2121,4276319471
2012-04-22,18.359,18.6654,17.1662,17.2431,5807955920
2012-04-29,17.1712,18.5975,16.7013,18.1468,4610640464
2012-05-06,17.9913,18.0091,17.0091,17.011,2940608644
2012-05-13,16.8972,17.3309,16.8135,17.055,2593213073
2012-05-20,16.9302,17.0789,15.7149,15.9611,3261634544
2012-05-27,16.0844,17.3488,16.0705,16.9222,3179638834
2012-06-03,17.1802,17.4996,16.8679,16.8825,2280896181
2012-06-10,16.8972,17.4709,16.5051,17.463,2420540070
2012-06-17,17.6867,17.7105,17.054,17.2769,2374276770
2012-06-24,17.1822,17.7556,17.1654,17.5173,2101905120
2012-07-01,17.3724,17.5745,17.0215,17.5745,1743991299
2012-07-08,17.5962,18.4881,17.5636,18.2327,1833159836
2012-07-15,18.214,18.6546,17.8366,18.2042,2490375431
2012-07-22,18.2091,18.5185,18.1508,18.1846,1994925717
2012-07-29,17.8869,18.348,17.1547,17.6097,3248378442
2012-08-05,17.7844,18.5975,17.6897,18.5282,2257390748
2012-08-12,18.5768,18.8083,18.5155,18.7895,1485422007
2012-08-19,18.8407,19.5898,18.8368,19.5868,1858792149
2012-08-26,19.645,20.3988,19.5868,20.043,3357848658
2012-09-02,20.5497,20.5782,19.8649,20.1044,1816143629
2012-09-09,20.1189,20.6256,20.0826,20.5644,1683136776
2012-09-16,20.5644,21.0659,19.8262,20.8927,3428312261
2012-09-23,21.1369,21.3075,20.9637,21.1598,2369513644
2012-09-30,20.7577,21.0109,19.9583,20.1615,3383054150
2012-10-07,20.2846,20.4553,19.6647,19.7239,3024243384
2012-10-14,19.5503,19.5712,18.8447,19.0319,3535174432
2012-10-21,19.1127,19.7298,18.4249,18.4319,3061959981
2012-10-28,18.5096,19.2026,17.8603,18.2544,4117132627
2012-11-04,17.9793,18.2229,17.3706,17.4316,1738069813
2012-11-11,17.6355,17.8533,16.2036,16.6085,4335738995
2012-11-18,16.8235,16.8334,15.3541,16.0213,4213475337
2012-11-25,16.4185,17.3657,16.3928,17.3508,2483258890
2012-12-02,17.4837,18.0406,17.3734,17.7715,3045284964
2012-12-09,18.0229,18.0515,15.7473,16.1887,4622238033
2012-12-16,15.9396,16.6855,15.3501,15.4772,3931860516
2012-12-23,15.4508,16.24,15.2171,15.768,3415263162
2012-12-30,15.7996,15.9168,15.3216,15.4714,1513674900
2013-01-06,15.486,16.8492,15.4537,16.0015,2547794296
2013-01-13,15.8488,16.1484,15.6429,15.7976,2706143171
2013-01-20,15.2624,15.5069,14.676,15.1806,3794210569
2013-01-27,15.3187,15.6361,13.2067,13.3555,4688983918
2013-02-03,13.2936,14.0463,13.2333,13.7724,3094962757
2013-02-10,13.7811,14.6218,13.4204,14.5048,3494556160
2013-02-17,14.5499,14.8072,14.0463,14.0532,2745182405
2013-02-24,14.0808,14.1312,13.522,13.7666,1975076044
2013-03-03,13.8599,13.8976,13.1308,13.1455,2730460944
2013-03-10,13.0638,13.2985,12.7947,13.1831,2970280907
2013-03-17,13.122,13.5644,12.9829,13.5487,2682615635
2013-03-24,13.4808,14.1113,13.4738,14.1053,2596300804
2013-03-31,14.1902,14.351,13.4856,13.5171,1835920584
2013-04-07,13.5023,13.5497,12.8145,12.9239,2366625471
2013-04-14,12.975,13.3764,12.902,13.1249,1813257227
2013-04-21,13.0402,13.0666,11.76,11.9257,3324089082
2013-04-28,12.0016,12.7869,11.9491,12.7416,3752094767
2013-05-05,12.842,13.8406,12.8243,13.7419,3065905456
2013-05-12,13.9164,14.2326,13.8482,13.9241,2550258532
2013-05-19,13.8787,14.076,12.8755,13.3182,2947018011
2013-05-26,13.2766,13.7821,13.2215,13.6847,2300204552
2013-06-02,13.8297,14.0522,13.5072,13.8247,1689612394
2013-06-09,13.855,13.9695,13.3043,13.5802,2069881941
2013-06-16,13.6709,13.8048,13.1712,13.2196,1811817364
2013-06-23,13.2637,13.3948,12.5443,12.7131,1863567048
2013-06-30,12.5228,12.5622,12.0242,12.2606,2410914055
2013-07-07,12.3789,13.0126,12.3335,12.8302,1598745140
2013-07-14,12.9139,13.2116,12.6162,13.1112,1786759546
2013-07-21,13.0647,13.3674,13.0392,13.0628,1330171828
2013-07-28,13.2017,13.6669,12.8706,13.5567,1855698738
2013-08-04,13.5507,14.2276,13.531,14.2189,1580843015
2013-08-11,14.285,14.5058,14.0383,14.0642,1710504190
2013-08-18,14.1362,15.6033,14.1292,15.5433,3292516822
2013-08-25,15.6053,15.8951,15.4141,15.503,1928165844
2013-09-01,15.494,15.7868,15.0387,15.163,1814776414
2013-09-08,15.2584,15.5404,15.0802,15.4151,1467958839
2013-09-15,15.6251,15.7178,14.3804,14.3864,3096849000
2013-09-22,14.2652,14.8063,13.8386,14.4621,2891984675
2013-09-29,15.3511,15.3769,14.8761,14.9393,2199033390
2013-10-06,14.8536,15.2348,14.7647,14.9471,1709882700
2013-10-13,15.0573,15.2812,14.7984,15.2486,1672040886
2013-10-20,15.1561,15.7592,15.1422,15.7483,1586434575
2013-10-27,15.8341,16.4993,15.7218,16.2756,2268431419
2013-11-03,16.3712,16.6865,15.9207,16.0913,2408147748
2013-11-10,16.1237,16.3672,15.9474,16.2017,1465421787
2013-11-17,16.1839,16.4738,16.0105,16.3396,1409708514
2013-11-24,16.3396,16.4108,15.9878,16.1781,1299976034
2013-12-01,16.2154,17.3764,16.2144,17.3074,1504691969
2013-12-08,17.3667,17.9006,17.1439,17.4297,2399743993
2013-12-15,17.4562,17.7715,17.2325,17.257,1780824306
2013-12-22,17.275,17.5105,16.7683,17.0886,2104148959
2013-12-29,17.6788,17.7992,17.4118,17.4316,1259763714
2014-01-05,17.3498,17.4679,16.8195,16.8363,1267413963
2014-01-12,16.7249,17.0206,16.5297,16.587,1806614099
2014-01-19,16.4935,17.4345,16.4935,16.8274,2030636344
2014-01-26,16.8334,17.3449,16.8195,16.9961,1773224561
2014-02-02,17.1329,17.268,15.361,15.5799,3768700644
2014-02-09,15.6439,16.3741,15.5394,16.2706,1992332910
2014-02-16,16.2194,17.0963,16.2184,17.0332,1731214626
2014-02-23,17.0924,17.258,16.4262,16.445,1323157563
2014-03-02,16.3809,16.6806,16.1425,16.4777,1679363359
2014-03-09,16.3761,16.7406,16.3712,16.6075,1261126843
2014-03-16,16.5436,16.8962,16.3761,16.4292,1317792845
2014-03-23,16.508,16.788,16.444,16.6845,1387853025
2014-03-30,16.8581,17.1892,16.7249,16.8086,1551720786
2014-04-06,16.8835,17.0167,16.6125,16.6512,1125312482
2014-04-13,16.5396,16.6646,16.1907,16.2686,1426723309
2014-04-20,16.3376,16.5237,16.0095,16.4361,1107840119
2014-04-27,16.4479,17.9084,16.4078,17.9065,2197648521
2014-05-04,17.9341,18.7669,17.9263,18.5532,2165409182
2014-05-11,18.4762,18.9245,18.2711,18.4368,1668211119
2014-05-18,18.4969,18.8133,18.4319,18.8123,1186593839
2014-05-25,18.8232,19.3533,18.8063,19.3346,1340441137
2014-06-01,19.3828,20.2827,19.3819,19.9308,1819947369
2014-06-08,19.9602,20.5043,19.5997,20.326,1872948112
2014-06-15,20.4323,20.9497,20.0284,20.1159,1328879205
2014-06-22,20.1684,20.4433,20.0323,20.0351,1066766715
2014-06-29,20.1249,20.2767,19.7592,20.2727,980890310
2014-07-06,20.2984,20.7379,20.2964,20.722,631278188
2014-07-13,20.7468,21.3312,20.6108,20.9873,1051178667
2014-07-20,21.1281,21.3992,20.4027,20.8109,1129904555
2014-07-27,20.936,21.5715,20.653,21.5253,1252465292
2014-08-03,21.559,21.9167,20.8966,21.1882,1073758052
2014-08-10,21.2395,21.2838,20.6589,20.9853,1009248908
2014-08-17,21.1026,21.7491,21.0079,21.7027,809259616
2014-08-24,21.8151,22.4732,21.7027,22.4409,1115867105
2014-08-31,22.5492,22.7927,22.3068,22.7029,1056318127
2014-09-07,22.8271,22.9767,21.6593,21.9215,1458087172
2014-09-14,21.9925,22.829,21.2917,22.5168,2085228166
2014-09-21,22.7739,22.8242,21.9027,22.3601,1341902301
2014-09-28,22.5472,22.8015,21.6436,22.3176,1528730276
2014-10-05,21.8505,22.4901,21.7165,22.0644,1118070442
2014-10-12,22.1383,22.6763,21.7766,22.3137,1264688376
2014-10-19,22.4439,22.5432,21.0828,21.6337,1617945066
2014-10-26,21.7893,23.3632,21.7559,23.3042,1617084870
2014-11-02,23.2243,23.9297,23.1909,23.9201,994316402
2014-11-09,23.9734,24.4325,23.8599,24.2493,900728430
2014-11-16,24.2513,25.4001,24.1072,25.4001,921816637
2014-11-23,25.4149,26.1522,25.1981,25.9088,1048759063
2014-11-30,25.9964,26.6312,25.9403,26.4608,817498860
2014-12-07,26.428,26.5277,24.7469,25.5856,1198476463
2014-12-14,25.3808,25.548,24.3253,24.4157,1167885244
2014-12-21,24.6196,25.1855,23.6381,24.8672,1477139433
2014-12-28,24.9539,25.4712,24.9125,25.3589,536534716
2015-01-04,25.3117,25.5286,23.8816,24.3203,683430455
2015-01-11,24.0857,25.1874,23.2735,24.9195,1272625963
2015-01-18,25.0504,25.0938,23.4028,23.5741,1366582546
2015-01-25,23.9949,25.3018,23.6867,25.1341,1187791933
2015-02-01,25.2999,26.6893,24.2543,26.0655,2096051575
2015-02-08,26.2616,26.8559,25.8223,26.5534,1214677299
2015-02-15,26.4805,28.4702,26.4538,28.3785,1356003999
2015-02-22,28.4732,28.9224,28.3419,28.9224,869669392
2015-03-01,29.0478,29.835,28.2758,28.6861,1647800645
2015-03-08,28.8653,29.0988,28.0899,28.2731,1105721482
2015-03-15,28.5794,28.9401,27.1604,27.6067,1462132442
2015-03-22,27.6659,28.8653,27.4404,28.1211,1194087593
2015-03-29,28.3864,28.5982,27.3831,27.526,937303917
2015-04-05,27.7034,28.2484,27.4886,27.9861,725533257
2015-04-12,27.7942,28.6161,27.7645,28.3815,815579012
2015-04-19,28.6643,28.7134,27.7922,27.8562,766414623
2015-04-26,28.0404,29.1688,27.954,29.0988,928525651
2015-05-03,29.5462,30.05,27.8196,28.7963,1884997815
2015-05-10,28.9224,29.155,27.5537,28.6191,1213722500
2015-05-17,28.5696,29.0498,27.992,28.881,928773212
2015-05-24,28.7893,29.8173,28.7845,29.7267,968688263
2015-05-31,29.7364,29.8035,28.9619,29.2103,883352692
2015-06-07,29.4261,29.4693,28.7845,28.8515,761662205
2015-06-14,28.9108,29.1876,28.1706,28.5213,981054136
2015-06-21,28.2778,28.7727,28.1922,28.3884,885242764
2015-06-28,28.5933,29.1106,28.3686,28.4237,872172529
2015-07-05,28.133,28.4672,27.9153,28.3547,673242814
2015-07-12,28.0189,28.3076,26.7347,27.6493,1229454905
2015-07-19,28.0404,29.0743,27.8761,29.0743,843736674
2015-07-26,29.3689,29.8173,27.3595,27.919,1535129339
2015-08-02,27.6097,27.7872,27.117,27.1999,854355679
2015-08-09,27.2462,27.4867,25.1391,26.0241,1714662162
2015-08-16,26.2516,27.0322,24.6956,26.1208,1532032635
2015-08-23,26.1404,26.506,23.8009,23.8295,1422741123
2015-08-30,21.3705,25.5236,20.724,25.5186,2220927633
2015-09-06,25.2359,25.8004,24.1822,24.6119,1323685135
2015-09-13,25.151,25.7295,24.7272,25.7295,1121496513
2015-09-20,26.2646,26.3326,25.1981,25.5579,1230828853
2015-09-27,25.6122,26.2892,25.3137,25.8406,1076996607
2015-10-04,25.6486,25.8104,24.1704,24.8672,1393293225
2015-10-11,24.7489,25.292,24.3782,25.2572,1164761085
2015-10-18,25.3953,25.4001,24.678,25.0149,820671362
2015-10-25,24.9617,26.8618,24.806,26.8263,985791164
2015-11-01,26.5958,27.3073,25.6833,26.9219,1430966593
2015-11-08,27.0058,27.8895,26.9494,27.3929,864960933
2015-11-15,27.3695,27.5604,25.4001,25.412,957192142
2015-11-22,25.1961,27.1288,25.1116,26.9959,839732489
2015-11-29,26.9889,27.0895,26.5021,26.6479,484940494
2015-12-06,26.6923,27.0156,25.8406,26.9318,913809982
2015-12-13,26.9199,27.117,25.5286,25.6093,834749620
2015-12-20,25.3788,25.5166,23.9397,23.9919,1395733461
2015-12-27,24.2689,24.6582,23.8836,24.4453,559715553
2016-01-03,24.3409,24.7549,23.713,23.8177,524714564
2016-01-10,23.2143,23.9487,21.8171,21.9353,1454175848
2016-01-17,22.3905,22.8913,21.5745,21.9736,1316981332
2016-01-24,22.2635,22.9535,21.1369,22.9445,1032391345
2016-01-31,22.9673,22.9693,20.9026,22.0199,1582633612
2016-02-07,21.8249,22.1393,21.2828,21.3844,912106417
2016-02-14,21.1852,21.9167,21.0621,21.3785,971980238
2016-02-21,21.615,22.4951,21.5203,21.8466,692494884
2016-02-28,21.9077,22.2969,21.2278,22.0426,658796648
2016-03-06,22.0308,23.5978,21.9836,23.4352,835362234
2016-03-13,23.2902,23.3899,22.7809,23.2598,642137977
2016-03-20,23.1821,24.2264,23.1512,24.0906,800435702
2016-03-27,24.0936,24.4906,23.8599,24.0354,526595961
2016-04-03,24.1072,25.1174,23.8599,25.0179,621633676
2016-04-10,25.1174,25.5166,24.5952,24.7173,603431482
2016-04-17,24.7862,25.5657,24.7173,24.9914,671809938
2016-04-24,24.7665,24.7815,23.8009,24.0384,782847550
2016-05-01,23.8836,24.0314,21.0444,21.3214,1411695122
2016-05-08,21.3725,21.8141,21.0197,21.2198,961238918
2016-05-15,21.2819,21.4584,20.4755,20.7131,895667015
2016-05-22,21.1449,21.8397,20.9755,21.7933,893399894
2016-05-29,21.9393,23.0537,21.8949,22.9654,827590011
2016-06-05,22.7927,22.9767,22.1135,22.4093,572553730
2016-06-12,22.426,23.3161,22.3246,22.6191,499359196
2016-06-19,22.5848,22.6842,21.8101,21.8171,775902446
2016-06-26,21.9686,22.1738,21.204,21.3735,810182073
2016-07-03,21.2819,22.0753,20.9399,21.9432,758773273
2016-07-10,21.8309,22.1738,21.5973,22.1255,466371853
2016-07-17,22.1403,22.7258,22.1383,22.6044,571704314
2016-07-24,22.5868,23.1169,22.5,22.5789,605136748
2016-07-31,22.4852,23.9278,22.0644,23.85,1006627508
2016-08-07,23.8955,24.7665,23.8039,24.7272,672837516
2016-08-14,24.7372,25.0671,24.6562,24.8927,498148758
2016-08-21,24.8828,25.3629,24.8702,25.1629,536428630
2016-08-28,25.0504,25.153,24.4651,24.6022,503253352
2016-09-04,24.536,24.8534,24.2729,24.7862,533501063
2016-09-11,24.8278,25.0248,23.729,23.729,677177407
2016-09-18,23.6186,26.7189,23.5909,26.4439,1597320475
2016-09-25,26.506,26.7317,25.6684,25.9334,846342560
2016-10-02,25.6902,26.3749,25.6684,26.0094,649178289
2016-10-09,25.9334,26.3591,25.8359,26.2489,530926216
2016-10-16,26.4676,27.3103,26.3947,27.0678,882803642
2016-10-23,27.0029,27.195,26.1868,26.8292,473915628
2016-10-30,26.9465,27.2324,26.0733,26.167,818946105
2016-11-06,26.1502,26.2872,25.0051,25.1697,678212538
2016-11-13,25.4547,25.8388,24.4787,25.08,866290545
2016-11-20,24.9125,25.5657,24.0668,25.4498,840387332
2016-11-27,25.4646,25.9964,25.4398,25.8555,369675849
2016-12-04,25.7708,26.0094,25.1727,25.412,624688962
2016-12-11,25.4378,26.5247,25.0377,26.3552,631473551
2016-12-18,26.2034,27.0029,26.0141,26.8233,788290674
2016-12-25,26.7811,27.1683,26.7317,26.9514,457310155
2017-01-01,26.9514,27.2944,26.6952,26.7858,355213035
2017-01-08,26.7811,27.33,26.5337,27.2688,436188010
2017-01-15,27.2776,27.735,27.2747,27.5309,567877543
2017-01-22,27.3714,27.8661,27.3417,27.7525,461614862
2017-01-29,27.7525,28.3175,27.6394,28.2039,515408472
2017-02-05,27.9676,30.18,27.8955,29.8479,1022812806
2017-02-12,29.8607,30.8807,29.8094,30.6906,549060787
2017-02-19,30.9122,31.6521,30.8382,31.5271,557395170
2017-02-26,31.6425,31.9304,31.4247,31.7458,341686461
2017-03-05,31.8544,32.5855,31.6541,32.4712,520224530
2017-03-12,32.3697,32.5127,31.8357,32.3176,399114121
2017-03-19,32.3236,32.755,32.2417,32.5155,497661941
2017-03-26,32.6142,33.1679,32.4592,32.6693,554078755
2017-04-02,32.3766,33.5642,32.1953,33.3669,518877503
2017-04-09,33.3789,33.7859,33.2282,33.2912,445165946
2017-04-16,33.3523,33.4184,32.5313,32.763,362014319
2017-04-23,32.8606,33.1965,32.6261,33.0497,366922125
2017-04-30,33.3307,33.6597,33.2547,33.365,391238277
2017-05-07,33.7021,34.6058,33.5099,34.6008,750155658
2017-05-14,34.6156,36.4871,34.6156,36.4085,744465483
2017-05-21,36.3886,36.5376,34.9163,35.6987,673345977
2017-05-28,35.9154,36.1266,35.6062,35.8308,442306515
2017-06-04,35.7865,36.2596,35.5026,36.2596,380146335
2017-06-11,35.9954,36.3807,34.0581,34.7448,681005175
2017-06-18,33.992,34.3999,33.165,33.1818,941906236
2017-06-25,33.505,34.3231,33.505,34.1191,570789178
2017-07-02,34.3251,34.5843,33.1838,33.5917,544194755
2017-07-09,33.7879,33.8854,33.2154,33.6303,337251471
2017-07-16,33.6126,34.8304,33.4379,34.7606,475338940
2017-07-23,34.7055,35.3902,34.6503,35.0465,449560613
2017-07-30,35.1214,35.9135,34.3535,34.8719,453036014
2017-08-06,34.9626,37.2578,34.5466,36.4794,732021613
2017-08-13,36.6301,37.7457,36.2072,36.8763,641692514
2017-08-20,37.3053,38.0531,36.6923,36.8803,572168720
2017-08-27,36.8803,37.6381,36.3188,37.4294,480712832
2017-09-03,37.4944,38.6187,37.4462,38.4079,536837227
2017-09-10,38.3418,38.4552,37.1267,37.1496,433269128
2017-09-17,37.5831,38.3883,36.977,37.4344,941620559
2017-09-24,37.4904,37.5831,35.2572,35.5666,789687724
2017-10-01,35.1214,36.2271,34.9261,36.085,660461961
2017-10-08,36.1186,36.4085,35.6987,36.3629,400036600
2017-10-15,36.4871,36.9977,36.3158,36.7553,347998001
2017-10-22,36.9751,37.6668,36.299,36.5808,536506298
2017-10-29,36.7325,38.3065,36.356,38.1861,521501583
2017-11-05,38.3734,40.8058,38.3351,40.3887,918968621
2017-11-12,40.3573,41.2677,40.2114,41.0441,589128422
2017-11-19,40.7731,41.0027,39.5719,39.9836,494241794
2017-11-26,40.0134,41.2433,39.8477,41.115,343333318
2017-12-03,41.1349,41.1419,39.2819,40.1985,722141235
2017-12-10,40.5308,40.564,39.1107,39.8014,583776253
2017-12-17,39.76,40.9268,39.6615,40.8846,585704429
2017-12-24,41.0923,41.6353,40.715,41.125,499721748
2017-12-31,40.1364,40.3809,39.765,39.767,412902567
2018-01-07,39.9866,41.2136,39.775,41.122,429508470
2018-01-14,40.9712,41.675,40.6569,41.6089,468053276
2018-01-21,41.8029,42.3232,41.1399,41.939,537707312
2018-01-28,41.6602,42.1685,39.961,40.3021,815013179
2018-02-04,39.9866,39.9866,37.6225,37.716,1108340364
2018-02-11,37.3829,38.5045,35.4495,36.9081,1346712054
2018-02-18,37.3947,41.2491,37.1661,40.6854,952682572
2018-02-25,40.595,41.4463,40.3474,41.4127,576475809
2018-03-04,41.6089,42.617,40.6903,41.5763,855378035
2018-03-11,41.3436,42.47,41.118,42.4651,592719384
2018-03-18,42.542,43.3,41.9105,42.0079,658685920
2018-03-25,41.8366,41.8729,38.9223,38.9223,731807757
2018-04-01,39.6546,41.329,38.9785,39.5915,671881074
2018-04-08,39.616,41.1081,38.8091,39.7274,696792838
2018-04-15,40.0814,41.4906,40.0715,41.2305,542648574
2018-04-22,41.3004,42.2218,39.0318,39.1007,717261208
2018-04-29,39.3647,39.3826,37.8994,38.3015,687467245
2018-05-06,38.261,43.4724,38.1939,43.3778,1071433919
2018-05-13,43.6932,45.0177,43.3384,44.6697,627954101
2018-05-20,44.7695,44.8905,43.8459,44.1286,419017510
2018-05-27,44.5278,44.9201,43.9987,44.6677,398524837
2018-06-03,44.4353,45.067,44.0903,45.0611,388962591
2018-06-10,45.3931,46.0001,44.9498,45.4089,492989218
2018-06-17,45.3241,45.6829,44.5919,44.7298,591855336
2018-06-24,44.4983,44.8155,43.4527,43.8014,530288074
2018-07-01,43.4409,44.3623,42.8053,43.8459,513468714
2018-07-08,43.5384,44.6353,43.4457,44.521,277697668
2018-07-15,44.8827,45.4404,44.4373,45.3202,359233086
2018-07-22,45.3665,45.6255,44.8105,45.3469,371373705
2018-07-29,45.1674,46.4172,44.8974,45.2404,399448754
2018-08-05,45.4542,49.4423,44.7813,49.2652,946504696
2018-08-12,49.2681,49.6989,48.4422,49.3304,513196627
2018-08-19,49.3696,51.8027,49.3696,51.714,586364768
2018-08-26,51.8384,52.0976,50.8261,51.3801,474670927
2018-09-02,51.6165,54.4017,51.4206,54.1049,684461870
2018-09-09,54.2951,54.5918,52.4601,52.6032,558004719
2018-09-16,52.5195,54.2814,51.4549,53.2072,834064559
2018-09-23,52.8011,52.9904,51.1741,51.7338,920295366
2018-09-30,51.5377,53.8212,51.4946,53.6576,544163892
2018-10-07,54.1837,55.4946,52.4288,53.3186,600216422
2018-10-14,52.8159,54.0181,50.4705,52.7914,807802952
2018-10-21,52.5706,53.0003,50.628,52.1291,624845743
2018-10-28,52.2394,53.303,50.5502,51.4147,780841457
2018-11-04,52.0995,52.8505,48.8297,49.3194,1138477745
2018-11-11,48.5623,50.1167,47.107,48.7727,803528259
2018-11-18,47.4665,47.6697,44.3495,46.1598,1015536607
2018-11-25,45.3202,45.4867,41.0491,41.0923,689643846
2018-12-02,41.5595,43.5976,40.6104,42.5943,896148699
2018-12-09,43.9967,44.112,40.1424,40.1886,702338846
2018-12-16,39.3569,41.1614,38.9599,39.4702,912025269
2018-12-23,39.4623,40.1544,35.691,35.9502,1206160007
2018-12-30,35.3361,37.8059,34.9656,37.2628,801441121
2019-01-06,37.8087,38.0118,33.8697,35.3619,930579631
2019-01-13,35.4662,36.8586,34.7999,36.3257,854039525
2019-01-20,35.9787,37.658,35.5914,37.4026,651060592
2019-01-27,37.3053,37.716,36.1836,37.6304,471715881
2019-02-03,37.1613,40.31,36.6487,39.7176,848131413
2019-02-10,39.9296,41.8759,39.9018,40.8222,634312901
2019-02-17,40.9732,41.3172,40.5435,40.8252,468514832
2019-02-24,40.6539,41.5202,40.6008,41.4334,339186690
2019-03-03,41.7163,42.1322,41.3783,41.9125,504628488
2019-03-10,42.0877,42.5816,40.6028,41.4197,487509264
2019-03-17,42.0395,44.8708,42.0059,44.584,660145135
2019-03-24,44.5053,47.3532,44.2491,45.7635,761211367
2019-03-31,45.8771,46.2033,44.2125,45.4996,700659745
2019-04-07,45.9065,47.2133,45.1281,47.1908,465637270
2019-04-14,47.0528,48.5922,47.0013,47.637,551075789
2019-04-21,47.5661,48.9025,47.432,48.8317,402162961
2019-04-28,48.5882,49.9373,48.4147,48.9399,407004982
2019-05-05,48.9647,51.5771,47.6964,50.7228,778378746
2019-05-12,48.9379,50.0252,46.3559,47.4155,724317103
2019-05-19,45.1399,46.285,43.9672,45.4482,775225553
2019-05-26,44.1316,45.2109,42.7568,43.0349,652774393
2019-06-02,43.0221,43.4299,42.0819,42.0996,435368297
2019-06-09,42.2288,46.151,40.9437,45.7223,641870756
2019-06-16,46.1255,47.3218,45.7598,46.3481,465109295
2019-06-23,46.3856,48.2955,46.2102,47.8016,547515671
2019-06-30,47.7426,48.472,46.9602,47.5918,488088030
2019-07-07,48.8532,49.3164,48.2472,49.1105,303076066
2019-07-14,48.2855,49.1499,47.711,48.8859,422516237
2019-07-21,49.0758,49.6534,48.6601,48.717,363598666
2019-07-28,48.9717,50.435,48.9617,49.9533,362434210
2019-08-04,50.1266,53.2339,48.4866,49.0583,913935496
2019-08-11,47.6077,48.9419,46.3087,48.5163,719927813
2019-08-18,48.18,51.2056,48.0717,49.8457,676386918
2019-08-25,50.8359,51.7585,48.5193,48.9125,588561606
2019-09-01,49.6891,50.7939,49.0758,50.3886,456091774
2019-09-08,49.828,51.7566,49.2977,51.4766,342140022
2019-09-15,51.858,54.6549,50.9465,52.8011,726518874
2019-09-22,52.5586,54.0103,52.4947,52.5586,602174266
2019-09-29,52.8485,53.7001,52.4129,52.8189,487963959
2019-10-06,53.3244,55.0895,51.93,54.7921,676863921
2019-10-13,54.6183,57.3631,54.1484,57.0151,622067879
2019-10-20,56.7017,57.4793,56.2868,57.0644,449046474
2019-10-27,57.3346,59.5577,57.2863,59.5203,419544632
2019-11-03,59.7252,61.775,57.2715,61.7486,677585769
2019-11-10,62.1132,63.0525,61.6371,62.9794,438688788
2019-11-17,62.5359,64.3443,62.532,64.3383,477733895
2019-11-24,64.3483,64.8853,63.0425,63.3766,471120860
2019-12-01,63.6053,64.8853,63.5529,64.7028,311055916
2019-12-08,64.7078,65.6098,62.0463,65.5406,475373514
2019-12-15,65.3693,66.6523,64.1375,66.6169,588210055
2019-12-22,67.0603,68.4293,67.0563,67.6557,757281768
2019-12-29,67.9167,71.1699,67.8774,70.1597,399515749
2020-01-05,70.0789,72.7764,69.0521,72.0115,544611988
2020-01-12,71.1246,75.6984,70.8782,75.1306,695782603
2020-01-19,75.4489,77.1687,74.9474,77.1667,674574292
2020-01-26,76.7951,78.2783,76.4187,77.0633,478806999
2020-02-02,75.0645,79.3732,73.812,74.9374,895383502
2020-02-09,73.6741,78.7386,73.1685,77.6654,673531592
2020-02-16,76.2451,79.4106,76.1644,78.8588,507113884
2020-02-23,76.5302,78.7869,75.3505,75.9703,491408091
2020-03-01,72.1405,73.816,62.2156,66.3379,1441279158
2020-03-08,68.5012,73.7726,67.3975,70.1399,1332831351
2020-03-15,64.0073,69.5153,60.1834,67.4575,1666420211
2020-03-22,58.7171,62.8731,55.3291,55.6315,1669142285
2020-03-29,55.3475,62.7765,51.5968,60.1225,1426434783
2020-04-05,60.8489,63.7017,57.4892,58.5871,862261378
2020-04-12,60.8862,65.9369,60.5206,65.0373,757914035
2020-04-19,65.1159,69.9508,64.5098,68.6291,854572424
2020-04-26,67.4526,68.6815,64.4133,68.6717,699882249
2020-05-03,68.3848,72.5585,67.5147,70.1499,813887481
2020-05-10,70.1754,75.5199,69.4837,75.4647,692843110
2020-05-17,74.974,77.7906,73.0512,74.8782,856991388
2020-05-24,76.2058,78.0852,75.5139,77.5983,547698286
2020-05-31,78.7209,78.9001,76.186,77.3669,540262779
2020-06-07,77.3204,80.7263,77.1885,80.6663,511600506
2020-06-14,80.3627,86.327,79.6472,82.4423,834059979
2020-06-21,81.0908,86.7655,80.9273,85.099,801299912
2020-06-28,85.4941,90.6149,85.4479,86.052,907185564
2020-07-05,85.9574,90.1476,85.4794,88.5995,509221963
2020-07-12,90.0325,93.7505,90.0018,93.3623,579519676
2020-07-19,94.671,97.2964,91.3756,93.7605,738280728
2020-07-26,93.8452,96.6056,86.7704,90.1456,683631677
2020-08-02,91.2139,103.585,90.7615,103.436,870806792
2020-08-09,105.301,111.361,105.004,108.337,1030523565
2020-08-16,109.805,113.146,106.395,112.043,965951220
2020-08-23,113.165,121.749,111.118,121.265,857036030
2020-08-30,125.492,125.572,119.986,121.699,1090800336
2020-09-06,124.4,134.542,108.12,117.944,1198338671
2020-09-13,111.118,117.502,107.262,109.213,791142105
2020-09-20,111.865,115.864,103.456,104.185,969065529
2020-09-27,101.931,110.059,100.539,109.489,868847993
2020-10-04,112.139,114.782,109.429,110.219,657615952
2020-10-11,111.078,114.093,109.459,114.063,562584061
2020-10-18,117.078,122.261,115.203,116.061,904085346
2020-10-25,116.979,117.422,111.429,112.168,532837935
2020-11-01,111.166,114.365,105.024,106.149,702254872
2020-11-08,106.395,116.643,104.642,115.933,624936349
2020-11-15,117.707,119.157,111.478,116.497,603894697
2020-11-22,116.16,118.181,114.103,114.614,398751946
2020-11-29,114.464,114.881,109.98,113.885,373701031
2020-12-06,114.26,120.912,114.103,119.413,556736030
2020-12-13,119.472,123.03,117.373,119.571,462493438
2020-12-20,119.746,126.579,118.713,123.729,636537866
2020-12-27,122.114,131.279,120.575,128.904,444067909
2021-01-03,130.874,135.567,128.657,129.613,451587646
2021-01-10,130.422,130.51,123.454,128.982,625310178
2021-01-17,126.192,128.391,123.927,124.182,494511152
2021-01-24,124.805,136.601,124.005,135.831,440288747
2021-01-31,139.753,141.714,127.199,128.894,734034448
2021-02-07,130.647,134.432,127.879,133.792,449629993
2021-02-14,133.073,134.876,130.796,132.421,353229160
2021-02-21,132.54,133.053,124.626,127.051,371265618
2021-02-28,125.218,126.901,115.816,118.616,701247927
2021-03-07,121.06,125.919,115.01,118.772,678214204
2021-03-14,118.29,120.525,113.676,118.388,600033578
2021-03-21,118.762,124.449,117.078,117.383,640711832
2021-03-28,117.717,121.532,116.34,118.566,499698915
2021-04-04,118.998,121.473,116.28,120.319,367909525
2021-04-11,121.177,130.146,120.388,130.106,457781432
2021-04-18,129.643,132.057,127.781,131.239,454058787
2021-04-25,130.608,132.58,128.44,131.388,430616846
2021-05-02,131.891,134.097,128.205,128.599,512779090
2021-05-09,129.169,131.152,123.956,127.591,463759480
2021-05-16,126.813,126.941,119.786,124.881,524711092
2021-05-23,124.271,125.425,120.388,122.912,394276124
2021-05-30,123.484,125.741,122.045,122.104,364949690
2021-06-06,122.566,123.632,120.655,123.364,284022685
2021-06-13,123.641,125.879,122.33,124.785,333755764
2021-06-20,125.248,129.888,124.519,127.829,466518760
2021-06-27,127.681,131.93,126.619,130.441,361419563
2021-07-04,130.736,137.191,130.676,137.151,327951181
2021-07-11,137.26,142.73,137.26,142.199,427144237
2021-07-18,143.271,146.986,140.75,143.45,514591404
2021-07-25,140.857,145.726,138.817,145.569,450620044
2021-08-01,145.281,146.82,139.675,142.929,432006273
2021-08-08,143.42,145.058,142.267,143.42,290312975
2021-08-15,143.48,146.663,142.602,146.316,305266325
2021-08-22,145.766,148.858,141.812,145.42,437780086
2021-08-29,145.539,148.053,144.1,145.826,277294995
2021-09-05,146.218,152.082,145.836,151.422,394102890
2021-09-12,152.073,154.329,145.924,146.189,361634517
2021-09-19,147.825,148.605,143.044,143.34,502241438
2021-09-26,141.123,144.72,138.629,144.189,401513212
2021-10-03,142.77,143.242,136.522,139.991,449800941
2021-10-10,139.115,141.527,135.694,140.237,390178850
2021-10-17,139.615,142.199,136.611,142.15,360820146
2021-10-24,140.78,147.383,140.493,145.914,347158695
2021-10-31,145.904,150.318,143.687,147.006,400195390
2021-11-07,146.209,149.598,145.038,148.684,330135139
2021-11-14,148.81,148.967,144.938,147.412,286730831
2021-11-21,147.787,158.251,146.77,157.789,470510778
2021-11-28,158.891,162.854,153.67,154.111,366231338
2021-12-05,156.634,167.366,155.088,159.051,681705025
2021-12-12,161.464,176.545,161.454,176.365,579188154
2021-12-19,177.992,178.997,166.766,168.195,783259869
2021-12-26,165.386,173.803,164.578,173.25,365461831
2022-01-02,174.039,178.208,174.019,174.514,346201851
2022-01-09,174.768,179.793,168.086,169.212,490599328
2022-01-16,166.165,174.128,165.277,170.101,430051281
2022-01-23,168.561,169.573,159.503,159.611,407256793
2022-01-30,157.277,167.416,152.035,167.396,700721144
2022-02-06,167.23,173.21,166.589,169.642,466470312
2022-02-13,170.11,173.832,165.357,165.947,419592505
2022-02-20,164.698,170.58,163.544,164.628,369909523
2022-02-27,162.351,164.038,149.578,162.224,421006777
2022-03-06,160.46,166.215,159.386,160.567,425539116
2022-03-13,160.755,162.39,152.035,152.26,529781607
2022-03-20,149.036,161.857,147.707,161.366,511276004
2022-03-27,160.904,172.481,160.42,171.931,453311725
2022-04-03,169.428,176.748,169.202,171.527,472936154
2022-04-10,171.782,175.646,166.502,167.376,399547549
2022-04-17,166.015,168.541,162.41,162.656,302280083
2022-04-24,161.306,168.795,158.921,159.207,382893060
2022-05-01,158.547,163.554,152.901,155.138,550474563
2022-05-08,154.21,163.829,150.832,155,575941310
2022-05-15,152.679,154.468,136.787,144.978,696323575
2022-05-22,143.44,147.597,130.686,135.595,556310804
2022-05-29,135.792,147.509,135.151,147.471,503218064
2022-06-05,146.907,149.54,142.363,143.271,343909844
2022-06-12,144.899,147.697,135.072,135.141,359610440
2022-06-19,130.943,135.348,127.169,129.653,548965810
2022-06-26,131.484,139.853,131.388,139.606,320608930
2022-07-03,140.627,141.412,131.835,136.915,379280971
2022-07-10,135.773,145.41,134.944,144.909,282389855
2022-07-17,143.559,148.675,140.059,147.994,371871988
2022-07-24,148.556,154.014,144.572,151.855,366299779
2022-07-31,151.776,161.257,148.615,160.155,376000658
2022-08-07,158.677,164.767,157.316,163.179,327078785
2022-08-14,164.186,169.91,161.107,169.84,323099337
2022-08-21,169.27,173.837,169.06,169.27,326939996
2022-08-28,167.462,168.803,161.412,161.471,311281848
2022-09-04,159.03,160.761,152.639,153.765,395593192
2022-09-11,154.416,155.748,150.675,155.303,318349316
2022-09-18,157.495,162.102,146.422,148.721,575899716
2022-09-25,147.35,156.654,146.61,148.455,479843813
2022-10-02,147.695,152.689,136.188,136.385,585221222
2022-10-09,136.395,145.603,135.876,138.252,441740644
2022-10-16,138.575,142.623,132.605,136.563,429832221
2022-10-23,139.214,145.907,138.431,145.335,402501482
2022-10-30,145.251,155.432,142.238,153.696,519919641
2022-11-06,151.144,153.408,132.836,136.79,517218520
2022-11-13,135.535,148.285,133.046,147.98,466395011
2022-11-20,147.259,151.824,144.469,149.551,387129077
2022-11-27,148.435,150.087,145.236,146.408,206397647
2022-12-04,143.473,147.416,138.74,146.111,405853665
2022-12-11,146.071,149.186,138.393,140.526,345470670
2022-12-18,141.059,148.246,132.194,132.965,511608880
2022-12-25,133.557,135.237,128.15,130.345,389092383
2023-01-01,129.869,129.899,124.423,128.437,310755750
2023-01-08,128.782,129.395,122.744,128.13,374249894
2023-01-15,128.965,133.368,126.649,133.211,337210951
2023-01-22,133.279,137.017,132.233,136.286,274983939
2023-01-29,136.533,145.538,136.315,144.254,342593243
2023-02-05,143.288,155.572,139.696,152.724,485833515
2023-02-12,150.822,153.445,147.731,149.503,334515896
2023-02-19,149.445,154.769,149.346,151.027,320083622
2023-02-26,148.702,149.788,144.266,145.244,215897920
2023-03-05,146.235,149.601,142.462,149.523,276800097
2023-03-12,152.25,154.741,146.135,147.017,316510883
2023-03-19,146.329,155.174,146.225,153.452,414659910
2023-03-26,153.522,160.522,152.61,158.651,353691177
2023-04-02,158.344,163.353,154.423,163.255,270641684
2023-04-09,162.629,165.173,160.186,163.016,202174868
2023-04-16,159.809,164.66,158.185,163.56,265981861
2023-04-23,163.441,166.482,162.392,163.372,252473815
2023-04-30,163.353,168.153,161.174,167.985,258925741
2023-05-07,167.59,172.559,162.669,171.837,364361039
2023-05-14,170.759,172.847,169.526,171.084,252520257
2023-05-21,171.667,174.87,168.951,173.652,260882092
2023-05-28,172.48,174.256,169.051,173.917,252530373
2023-06-04,175.434,180.215,175.05,179.391,288977850
2023-06-11,181.058,183.357,175.793,179.401,350877018
2023-06-18,179.709,185.379,179.411,183.327,336737265
2023-06-25,182.822,185.945,181.018,185.072,205446963
2023-07-02,185.708,192.805,183.635,192.298,284043765
2023-07-09,192.111,192.21,187.57,189.038,171829716
2023-07-16,187.629,190.048,184.992,189.048,252443821
2023-07-23,190.246,196.524,189.583,190.286,313615821
2023-07-30,191.744,195.501,190.594,194.144,227975716
2023-08-06,194.371,195.037,180.354,180.423,305325254
2023-08-13,180.561,181.551,175.265,176.497,335319569
2023-08-20,176.675,178.383,170.709,173.22,263414689
2023-08-27,173.796,180.229,172.47,177.311,249328356
2023-09-03,178.78,188.537,177.246,188.082,266135882
2023-09-10,186.909,188.597,172.278,176.884,307363057
2023-09-17,178.76,178.988,172.317,173.737,406705541
2023-09-24,175.196,178.388,172.595,173.519,299574874
2023-10-01,172.933,175.683,166.401,169.965,287933975
2023-10-08,169.975,176.695,169.577,176.198,262483834
2023-10-15,175.523,181.014,174.521,177.548,243611584
2023-10-22,175.463,177.772,171.384,171.622,290491185
2023-10-29,169.665,172.745,164.464,166.996,288174835
2023-11-05,167.791,176.487,166.678,175.365,312348494
2023-11-12,175.097,185.452,174.928,185.287,305790854
2023-11-19,184.712,189.821,183.111,188.557,264459017
2023-11-26,188.756,191.779,188.121,188.836,149242136
2023-12-03,188.786,190.944,187.066,190.098,217781167
2023-12-10,188.846,194.82,186.332,194.542,253504592
2023-12-17,191.958,198.429,190.277,196.391,381692713
2023-12-24,194.92,196.501,191.818,192.444,233735790
2023-12-31,192.454,193.499,189.949,191.382,154652006
2024-01-07,186.032,187.316,179.094,180.099,276919029
2024-01-14,180.999,185.934,180.417,184.81,239816612
2024-01-21,181.074,190.804,179.224,190.417,261389195
2024-01-28,191.152,195.208,190.794,191.272,257071105
2024-02-04,190.864,191.053,178.181,184.742,327866603
2024-02-11,187.026,189.911,184.732,187.962,254175177
2024-02-18,187.529,187.783,180.498,181.453,269394990
2024-02-25,180.936,184.17,179.154,181.662,193516563
2024-03-03,181.384,183.058,176.547,178.816,356059227
2024-03-10,175.322,176.068,167.698,169.928,395119169
2024-03-17,172.127,173.561,169.484,171.809,368853208
2024-03-24,174.745,177.83,169.262,171.47,363291263
2024-03-31,169.763,172.785,168.653,170.674,238744737
2024-04-07,170.385,171.113,167.44,168.782,240199751
2024-04-14,168.236,177.521,166.325,175.72,323849181
2024-04-21,174.536,175.8,163.304,164.156,310494139
2024-04-28,164.738,170.535,163.996,168.505,242442103
2024-05-05,172.555,186.121,168.316,182.518,444013052
2024-05-12,181.496,184.47,179.573,182.436,302025639
2024-05-19,184.814,190.455,184.002,189.234,289937758
2024-05-26,188.691,192.177,185.999,189.343,209353380
2024-06-02,190.869,192.354,188.466,191.606,231228818
2024-06-09,192.254,196.28,191.875,196.23,246821195
2024-06-16,196.24,219.462,191.506,211.778,637891853
2024-06-23,212.655,218.217,206.417,206.795,507966865
2024-06-30,207.024,215.346,205.898,209.914,337098644
2024-07-07,211.38,225.691,211.21,225.582,216958047
2024-07-14,226.329,232.3,222.502,229.767,288607245
2024-07-21,235.688,236.436,221.525,223.559,279333118
2024-07-28,226.25,227.017,213.901,217.23,243748684
2024-08-04,216.233,224.844,215.028,219.124,297056468
2024-08-11,198.423,216.053,195.343,215.516,343238013
2024-08-18,215.596,226.329,215.126,225.554,215371216
2024-08-25,225.224,227.838,222.55,226.342,188538938
2024-09-01,226.262,232.408,223.398,228.497,209947056
2024-09-08,228.048,228.497,217.002,220.335,179463290
2024-09-15,220.335,223.548,216.234,222.011,238145895
2024-09-22,216.064,232.578,213.45,227.699,551443900
2024-09-29,226.841,229.016,223.528,227.29,211137148
2024-10-06,229.535,232.488,222.53,226.302,222837662
2024-10-13,224.007,229.246,220.844,227.05,165257785
2024-10-20,228.198,236.968,228.098,234.484,218621077
2024-10-27,233.935,236.33,227.26,230.902,197734068
2024-11-03,232.808,234.214,219.786,222.42,248768424
2024-11-10,220.505,228.409,219.228,226.711,208499194
2024-11-17,224.753,228.619,221.257,224.753,224063837
2024-11-24,225.003,230.467,224.923,229.618,196559814
2024-12-01,231.206,237.549,229.488,237.069,198336662
2024-12-08,237.009,244.361,236.9,242.573,208515556
2024-12-15,241.564,250.525,241.484,247.857,192914544
2024-12-22,247.718,254.72,245.42,254.211,368607575
2024-12-29,254.49,259.814,252.782,255.309,133858795
2025-01-05,251.953,253.222,241.555,243.093,171211139
2025-01-12,244.042,247.058,232.744,236.59,185444994
2025-01-19,233.274,238.698,227.78,229.727,269441259
2025-01-26,223.754,226.781,219.139,222.535,277434292
2025-02-02,223.774,246.919,223.734,235.741,373200369
2025-02-09,229.737,233.743,225.452,227.38,227678214
2025-02-16,229.57,245.55,227.2,244.6,226587580
2025-02-23,243.91,248.69,241.84,245.55,166541044
2025-03-02,244.925,250,230.2,241.84,241760231
2025-03-09,241.79,244.0272,229.23,239.07,239653674
2025-03-16,235.54,236.16,208.42,213.49,332231986
2025-03-23,213.31,218.84,209.97,218.27,287881958
2025-03-30,221,225.02,217.68,217.9,190239113
2025-04-06,217.005,225.62,187.34,188.38,366947884
2025-04-13,177.2,200.61,169.2101,198.15,675037558
2025-04-20,211.44,212.94,192.37,196.98,264593881
2025-04-27,193.265,209.75,189.8112,209.28,238181320
2025-05-04,210,214.56,202.16,205.35,286233457
2025-05-11,203.1,204.1,193.25,198.53,275784672
2025-05-18,210.97,213.94,206.75,211.26,264778294
2025-05-25,207.91,209.48,193.46,195.27,273024261
2025-06-01,198.3,203.81,196.78,200.85,223926033
2025-06-08,200.28,206.24,200.12,203.92,227237774
2025-06-15,204.39,206,195.7,196.45,283877006
2025-06-22,197.3,201.7,195.07,201,224085074
2025-06-29,201.625,203.67,198.96,201.08,273391727
2025-07-06,202.01,214.65,199.2607,213.55,273599330
2025-07-13,212.68,216.23,207.22,211.16,226036726
2025-07-20,209.925,212.4,207.54,211.18,225669714
2025-07-27,212.1,215.78,211.63,213.88,231062208
2025-08-03,214.03,214.845,201.5,202.38,319915158
2025-08-10,204.505,231,201.675,229.35,431826281
2025-08-17,227.92,235.12,224.76,231.59,295311911
2025-08-24,231.7,233.12,223.7804,227.76,192241677
2025-08-31,226.48,233.41,224.69,232.14,194310890
2025-09-07,229.25,241.32,226.97,239.69,212923299
2025-09-14,239.3,240.15,225.95,234.07,304787017
2025-09-21,237,246.3,235.03,245.5,360619530
2025-09-28,248.3,257.6,248.12,255.46,309374646
2025-10-05,254.56,259.24,253.01,258.02,218331739
2025-10-12,257.99,259.07,244,245.27,213437899
2025-10-19,249.38,253.38,244.7,252.29,196438474
2025-10-26,255.885,265.29,255.43,262.82,253202889
2025-11-02,264.88,277.32,264.6501,270.37,293563310
2025-11-09,270.42,273.4,266.25,268.47,242583911
2025-11-16,268.96,276.699,267.455,272.41,232952837
2025-11-23,268.815,270.49,265.73,267.46,45018260
